y_val,y_pred,y_pred_rnd
3,3.1808481223617817,3.0
2,2.0107060813504765,2.0
3,2.100159496607376,2.0
2,1.8799620415199296,2.0
3,4.105265467731216,4.0
2,1.726003021731291,2.0
2,1.9933139043270247,2.0
1,2.068986165069993,2.0
3,2.976782787740994,3.0
2,2.4318336052550036,2.0
6,4.682001942876466,5.0
2,2.003521797179057,2.0
3,3.496997564473189,3.0
3,3.357071425290091,3.0
3,2.8748509379411638,3.0
4,3.648479136309511,4.0
3,3.0680875072837477,3.0
3,2.5707999241185515,3.0
4,3.5145661857309123,4.0
4,2.9989709201858368,3.0
1,1.7973957003911534,2.0
1,2.0770976704384334,2.0
2,2.7674615811526544,3.0
2,2.702652402116497,3.0
2,1.7434664711887342,2.0
1,1.1519622615571135,1.0
2,2.177450147860169,2.0
3,2.759104261594704,3.0
3,2.630922315779495,3.0
3,3.8036474958904876,4.0
3,3.493740037246908,3.0
3,3.4043836371229483,3.0
2,1.8665546714747572,2.0
5,4.119574014559795,4.0
3,2.5611184761850128,3.0
3,3.1587926317788906,3.0
2,2.262938911610379,2.0
1,2.16264717490856,2.0
3,2.550729233789616,3.0
3,2.578942951460947,3.0
2,1.9518077884779663,2.0
2,1.6263739878778423,2.0
2,2.459923590709703,2.0
4,3.4043114718250616,3.0
3,2.900284068432521,3.0
4,3.7146397424084467,4.0
3,3.5010637970855174,4.0
3,3.059843234609794,3.0
3,2.4012539753765405,2.0
3,3.4647056871995883,3.0
4,3.3810988377045996,3.0
2,1.5392113809518193,2.0
3,2.7870958548989186,3.0
3,2.642656118588394,3.0
2,1.8981400860721138,2.0
2,3.2788489143342936,3.0
3,3.0391483169897815,3.0
3,2.496561894864631,2.0
5,3.965219309478458,4.0
2,2.6143935395572213,3.0
3,3.312638698914253,3.0
4,2.8746803930487976,3.0
3,2.960370188530322,3.0
2,2.73779756769557,3.0
2,2.2940201839593444,2.0
3,3.210668367608693,3.0
2,1.9768301872756473,2.0
3,3.1289256171723028,3.0
2,2.052685699497304,2.0
3,2.295594401334089,2.0
2,1.9418589643593127,2.0
3,4.303166580657574,4.0
3,2.9272754417792473,3.0
2,1.861091286624631,2.0
2,1.9391037484870768,2.0
3,2.959891234754855,3.0
2,2.2776986156119747,2.0
3,4.19313430211316,4.0
3,2.963237307741521,3.0
2,2.4923300010995613,2.0
4,4.053792893434472,4.0
3,2.164452342943485,2.0
3,2.9004667751942232,3.0
4,3.065398815537575,3.0
4,3.0789117943166056,3.0
4,3.9956702992346793,4.0
2,2.142349564928285,2.0
3,3.0289581742792633,3.0
3,2.933707656074758,3.0
4,4.062059091657787,4.0
3,3.524002639903603,4.0
4,2.9245205236123573,3.0
4,3.367521836411012,3.0
4,3.115821391772268,3.0
3,2.7135244688010296,3.0
3,3.1296696431065536,3.0
2,2.375480063358149,2.0
2,1.8907934050569466,2.0
3,2.602844377825263,3.0
3,2.1359985240572112,2.0
2,1.9902957689764813,2.0
4,3.44217515268805,3.0
2,2.583811600647417,3.0
3,3.0912725807361916,3.0
1,1.8766214288077734,2.0
3,2.9736517526704804,3.0
3,2.9996612503267017,3.0
3,2.271637404839566,2.0
3,2.8657525466967155,3.0
2,2.341123565062662,2.0
2,1.7815255482670709,2.0
2,1.7800621411106787,2.0
4,3.4585414161928743,3.0
2,2.388049290865436,2.0
3,3.534490320777215,4.0
4,3.785575009261343,4.0
3,3.6559157026869693,4.0
2,2.4565492331852647,2.0
4,3.789493839510032,4.0
2,2.564274128608926,3.0
3,3.085077719861254,3.0
4,4.090075305449996,4.0
2,1.781273272126519,2.0
2,3.191796353326084,3.0
3,3.454281283488416,3.0
2,2.46706611363958,2.0
3,3.1087023971219168,3.0
2,2.200814138363134,2.0
3,3.6861522800091784,4.0
2,2.115014042073289,2.0
4,3.6203820588353666,4.0
5,5.004689491530159,5.0
3,3.9737792945567163,4.0
4,3.8386190037536845,4.0
2,2.5105973217862148,3.0
2,2.2804390319653427,2.0
2,2.171035367748505,2.0
3,2.8880850058673233,3.0
2,1.9273327041985275,2.0
3,2.8290562677583275,3.0
5,5.304805660151831,5.0
3,2.8752511105246517,3.0
3,2.5668484541843064,3.0
3,3.397842946719425,3.0
5,4.642645286856625,5.0
3,3.069579979716073,3.0
2,2.1237337962631355,2.0
3,3.7049515968215925,4.0
2,2.2071174807972134,2.0
3,2.9152125730959235,3.0
2,2.357935013748639,2.0
2,1.9515494980191306,2.0
3,2.245544212145944,2.0
2,2.5853344932750013,3.0
2,1.6194432812643231,2.0
1,2.226181302779524,2.0
2,2.310063597587653,2.0
2,2.3977125952570613,2.0
3,3.000040507376796,3.0
3,2.7311845355666775,3.0
3,3.4754831849200687,3.0
3,3.7156975249399804,4.0
2,2.0107510394702968,2.0
3,3.1335002656763327,3.0
2,2.436915874223927,2.0
3,2.686358599909013,3.0
2,2.2051250619392206,2.0
2,2.28356635238052,2.0
2,2.861326641463553,3.0
4,3.923652013641373,4.0
3,2.5970828922076397,3.0
1,1.0031539738535489,1.0
3,2.9782660555783504,3.0
4,3.3390767765091587,3.0
2,2.2279180385607273,2.0
2,2.5795594551649597,3.0
4,3.3950787311274415,3.0
3,2.304831354599441,2.0
3,3.4091743032640154,3.0
3,2.12630033671562,2.0
4,4.182084886415701,4.0
2,1.9327956637402846,2.0
5,4.913758265395488,5.0
2,2.731766640853982,3.0
3,3.1124844702460455,3.0
2,2.065912597952706,2.0
3,3.35750519279467,3.0
2,2.620715517063958,3.0
3,3.6211391947126326,4.0
2,3.0864083500335195,3.0
4,2.750848755032939,3.0
4,4.259122008437289,4.0
4,3.6654156294430416,4.0
4,3.8291112370406495,4.0
3,2.9777446116831405,3.0
3,2.950160249669428,3.0
3,3.3247296601763967,3.0
6,5.272489424566055,5.0
2,2.261635131477867,2.0
3,2.394684832847174,2.0
4,4.3818018238187735,4.0
1,1.615678365972492,2.0
3,2.843903314212203,3.0
3,3.1063326660341133,3.0
5,4.358878448289212,4.0
2,2.007794342339992,2.0
3,2.582651182648837,3.0
3,2.6191122645436664,3.0
2,2.053867364067661,2.0
4,4.015805080274682,4.0
4,3.89993781377179,4.0
3,3.1646282008391933,3.0
3,2.807552260936802,3.0
5,3.8644436556069057,4.0
4,3.833221019171887,4.0
2,2.4454236963051685,2.0
4,2.8834211361388715,3.0
2,1.5362462524091627,2.0
3,3.3418838646227016,3.0
3,2.908773279702586,3.0
4,3.181663854389655,3.0
3,2.8441186836276735,3.0
3,3.494944139313878,3.0
2,1.3591469076113625,1.0
3,3.1495030507087245,3.0
4,3.0750930555808975,3.0
1,1.323291354199487,1.0
2,2.262826434931409,2.0
3,3.5178910660798612,4.0
4,3.611019966019407,4.0
2,1.8523991146172063,2.0
3,2.6689323021423177,3.0
5,4.708048093086754,5.0
2,1.9254216184917037,2.0
4,3.102185738760937,3.0
3,3.382430672076339,3.0
4,2.6811813088626972,3.0
2,2.675934017554347,3.0
2,2.11373956920524,2.0
2,1.8382515095361536,2.0
4,3.6841749272784474,4.0
4,4.2868746431791465,4.0
2,1.2491305565971837,1.0
2,1.6401352368362492,2.0
3,2.673063545776059,3.0
3,2.2256492502701883,2.0
5,5.018396570996493,5.0
2,1.9209604610398925,2.0
1,1.9898730446324335,2.0
4,3.2107667642523534,3.0
3,2.9972915016233235,3.0
3,3.677861042369283,4.0
4,4.399086526775689,4.0
2,1.730403572317425,2.0
4,4.048023930874705,4.0
2,1.6342464688394758,2.0
3,2.2385442078158935,2.0
2,1.7950367342036748,2.0
3,2.732750577873879,3.0
2,2.3499290901978855,2.0
4,3.9041173904912108,4.0
3,2.0638477298484745,2.0
4,3.926926893787724,4.0
2,2.2482977240701385,2.0
1,1.69563447152626,2.0
3,2.240545752652907,2.0
4,4.223115029786317,4.0
5,4.686762938498821,5.0
5,4.370728292047264,4.0
2,2.168137816324087,2.0
4,3.639083919286371,4.0
3,3.459534634401355,3.0
3,3.6466560006231523,4.0
2,2.1018526033717237,2.0
3,2.9593262953052073,3.0
3,2.9934071430984863,3.0
3,3.9260755324262835,4.0
3,2.5327218164593335,3.0
2,2.261739940474426,2.0
2,2.717371785995936,3.0
3,3.123038093051041,3.0
1,2.2890168556310826,2.0
2,2.489806069759413,2.0
3,2.197014666791341,2.0
2,2.2581111108265848,2.0
3,2.823203148592516,3.0
2,2.5219030250124463,3.0
2,2.685499725742822,3.0
3,2.472581060085898,2.0
3,2.6689902571443986,3.0
3,3.062222412012932,3.0
2,3.1145585395863473,3.0
4,3.4968598242350346,3.0
3,1.9430000118859083,2.0
2,2.5777526794575762,3.0
3,3.119619050928875,3.0
2,1.4535720193029407,1.0
3,3.468635143761813,3.0
4,3.567761670960298,4.0
4,4.812390554752312,5.0
3,2.182506303615897,2.0
4,3.2938016423706578,3.0
5,4.958536748736859,5.0
5,4.44605709238932,4.0
3,3.1276124751739314,3.0
3,2.7819389724631627,3.0
3,2.7494668811103975,3.0
2,2.3241108357353184,2.0
3,2.7646966943942193,3.0
5,4.583407773344471,5.0
3,2.5312891978938863,3.0
3,3.4468617954840757,3.0
3,2.556634947220278,3.0
3,2.553309362519934,3.0
4,4.977215893408715,5.0
3,2.619072618847399,3.0
2,2.222327707228927,2.0
4,3.168259767776993,3.0
3,3.49432539720305,3.0
4,3.972276968722273,4.0
2,1.7148327553495148,2.0
5,4.816818438794946,5.0
3,3.0746891596982495,3.0
4,3.2503535414254756,3.0
3,2.0484349895936376,2.0
3,3.005935263947455,3.0
5,5.00236705097833,5.0
3,1.9129183188308483,2.0
2,2.0725460581393786,2.0
4,3.6568259675896186,4.0
3,3.786218642407486,4.0
3,3.1032466645013024,3.0
3,2.4335338097083423,2.0
2,1.762037920934888,2.0
2,2.087482599690235,2.0
3,2.6503107948239606,3.0
1,1.764980802716948,2.0
4,3.6907761867780025,4.0
6,4.2889144052531085,4.0
4,2.804392613271344,3.0
3,3.3962726022934984,3.0
5,4.432841431065196,4.0
3,2.167541629111356,2.0
2,2.125254621314002,2.0
2,2.0410780243771116,2.0
3,2.693140689615242,3.0
3,2.27975388499515,2.0
3,3.990558383038098,4.0
3,2.9164930054548925,3.0
3,3.5196394287447035,4.0
2,2.144595860105428,2.0
2,1.5880236720610652,2.0
4,3.906896647019732,4.0
4,3.843132979327708,4.0
2,2.340295638686409,2.0
5,4.145149782483838,4.0
3,3.0592724583149664,3.0
3,2.818116410863237,3.0
4,4.001294620871808,4.0
2,2.7079209213462194,3.0
5,4.466727829986818,4.0
1,3.5812131921932084,4.0
4,3.8364996564181957,4.0
5,4.409741280748728,4.0
4,4.317915091197602,4.0
4,3.729203863678625,4.0
4,4.041923251647778,4.0
6,3.916496422298003,4.0
2,2.2609349038591398,2.0
2,3.0835029916062746,3.0
5,3.2832026518589994,3.0
2,2.2567509388170643,2.0
3,3.1256508975194084,3.0
4,3.429674139617284,3.0
4,3.4887979087965273,3.0
2,1.9780016878756,2.0
2,2.5779998923123144,3.0
2,1.7696183121874973,2.0
3,2.9768142349941153,3.0
2,2.543909068341791,3.0
2,2.1929165977812546,2.0
4,4.237089198534914,4.0
4,3.703218324587239,4.0
4,3.9685906553369024,4.0
3,3.070091937751792,3.0
3,2.353970165732596,2.0
3,3.2887212495220988,3.0
3,3.841705468178002,4.0
3,2.535326408513229,3.0
3,2.950772135931012,3.0
2,2.246289226620014,2.0
5,4.443237687730354,4.0
4,3.540339206718214,4.0
4,4.171247133523308,4.0
3,2.679396112952768,3.0
2,2.768175907778561,3.0
2,2.3623976188266793,2.0
3,4.043690685461477,4.0
3,2.674344228336182,3.0
3,3.1536473405249508,3.0
5,4.407394239080012,4.0
4,3.3874409867874884,3.0
1,1.330778881070988,1.0
4,4.193584168025437,4.0
4,3.744063671623811,4.0
3,2.36972088229766,2.0
3,2.694317733672683,3.0
2,1.972984221910848,2.0
3,4.210602269589751,4.0
3,2.815176372131748,3.0
3,3.742973104818747,4.0
3,3.215356776376393,3.0
2,2.5678553583372303,3.0
2,2.4094056846547383,2.0
4,2.8092095390117544,3.0
3,2.4580847291135006,2.0
3,3.196991887158967,3.0
4,4.1477639303905045,4.0
2,2.70102426902261,3.0
2,2.3343239343603233,2.0
3,2.3998869447936517,2.0
4,3.3839475344181467,3.0
4,3.175846484733252,3.0
3,3.573633433336671,4.0
1,1.528211101230789,2.0
4,3.3563525359313124,3.0
4,4.114440124982357,4.0
3,3.1157595712974713,3.0
1,1.6104973523250306,2.0
3,3.6995284895585256,4.0
3,3.3693141368199413,3.0
1,1.511109060420077,2.0
4,3.7139447967664383,4.0
4,4.376633566800047,4.0
3,3.7102096215971696,4.0
4,3.745044365570466,4.0
5,4.336345655719556,4.0
3,2.8518743714829564,3.0
3,3.272291767259244,3.0
3,3.647782313984276,4.0
3,2.909467811450173,3.0
3,3.6695368736596454,4.0
4,3.459703556249424,3.0
6,5.541979996964068,6.0
5,4.258811200668322,4.0
4,3.4624467369686203,3.0
1,0.9866621494173429,1.0
2,3.393872807791127,3.0
3,3.0736989963944046,3.0
4,3.989855107590818,4.0
4,3.6988571195457087,4.0
3,2.6382230136250016,3.0
1,2.2156106932251514,2.0
2,2.7000243079430613,3.0
2,2.2372670169565607,2.0
4,4.14225538247988,4.0
3,2.4557042544284338,2.0
3,2.8880197224452324,3.0
2,2.1970478062331282,2.0
4,4.219797150412645,4.0
2,2.05951985575174,2.0
4,3.5275502905557024,4.0
1,2.941207675292009,3.0
1,1.113046013034182,1.0
3,2.841494954016354,3.0
4,3.830599510696594,4.0
4,3.9122763167716985,4.0
6,4.558158153009275,5.0
2,3.084447273997515,3.0
2,4.040166219912729,4.0
2,3.175011190074554,3.0
2,2.09612100039849,2.0
3,2.834959024686739,3.0
5,4.515612293075015,5.0
2,2.68996594819886,3.0
3,3.109352171221612,3.0
4,3.5382584543361935,4.0
2,2.1203689326746216,2.0
1,2.2478921836419903,2.0
4,3.4258338009587823,3.0
4,3.6696033848491107,4.0
2,2.4622551251935683,2.0
3,2.864434601789708,3.0
4,2.900534254556991,3.0
2,1.7717252524703206,2.0
3,2.167220408100996,2.0
2,2.272313888789368,2.0
5,4.356059822803734,4.0
2,2.3893147821451666,2.0
4,4.69925245543344,5.0
2,3.00598718633922,3.0
3,3.1040470228213066,3.0
2,1.8681186842152688,2.0
3,3.2213660011184135,3.0
3,3.312751584319759,3.0
3,2.555511600293739,3.0
2,2.4192672469162972,2.0
3,2.498116387225429,2.0
2,2.175908404321161,2.0
4,3.041321566988874,3.0
3,2.7830276347682537,3.0
3,2.5462030424863706,3.0
2,2.2457970183335085,2.0
2,2.1747215138886644,2.0
5,4.844015220862678,5.0
3,2.4225297064167677,2.0
3,2.0027971784015364,2.0
2,2.217739572363668,2.0
2,1.8848500694391395,2.0
3,1.8250377835840947,2.0
2,2.635304311269419,3.0
4,3.1387913553394124,3.0
2,2.5486084545941594,3.0
2,2.762999755910304,3.0
3,3.2618407647519314,3.0
3,2.875145374555421,3.0
3,3.136872443177749,3.0
4,3.906991485289224,4.0
3,3.4844576220098795,3.0
4,3.98000650358779,4.0
4,3.850669316185349,4.0
2,3.8627489738308616,4.0
3,3.187544060940932,3.0
1,2.302916130262746,2.0
3,3.198717069463661,3.0
3,2.8834039493524264,3.0
3,2.8287705973959705,3.0
3,3.1210346681860774,3.0
4,3.8245848712570854,4.0
2,2.229051373382065,2.0
4,3.157384460354524,3.0
3,3.3708338789851395,3.0
4,3.822571655216023,4.0
2,2.594968027753225,3.0
2,2.21532420112769,2.0
3,2.8859331117095164,3.0
4,3.65925780326248,4.0
3,3.253421041069406,3.0
3,3.042687731714928,3.0
2,1.5902716467905984,2.0
1,1.7754421379413534,2.0
4,3.0579847428566995,3.0
3,3.193049607424401,3.0
3,3.036231123753605,3.0
4,4.102351165643195,4.0
3,3.689034792645293,4.0
2,2.392278215276285,2.0
5,5.148197710489226,5.0
3,3.1482569045687994,3.0
1,1.9562629129964269,2.0
2,1.5698892025614144,2.0
3,4.171680902640376,4.0
3,2.191992964762227,2.0
3,2.3658030942156736,2.0
4,2.7890911120608415,3.0
2,1.6112664665926792,2.0
4,2.8444371946135205,3.0
2,2.1735548329369414,2.0
2,2.262965549515494,2.0
2,1.8611218175174513,2.0
3,3.746754692694843,4.0
2,1.584148544186964,2.0
2,2.2175405380043496,2.0
3,3.0045742308531196,3.0
2,2.433620822625562,2.0
3,2.9300673131050066,3.0
4,2.9204181126255113,3.0
4,4.427483034939703,4.0
1,1.389047938720104,1.0
3,2.669375079769184,3.0
3,2.8396873342506943,3.0
5,5.477678714697003,5.0
2,1.885505075874286,2.0
2,2.324631938262118,2.0
1,1.287966262204178,1.0
1,2.093122036552881,2.0
3,3.8077077228266454,4.0
3,3.10337015651938,3.0
1,2.176674347929007,2.0
4,3.5403329019664476,4.0
3,2.9153289737443027,3.0
4,3.547371461449155,4.0
3,3.2149531790060264,3.0
3,3.184128879654288,3.0
3,3.435589426764529,3.0
5,4.502526624656005,5.0
4,3.814421410943389,4.0
4,3.5936016035912983,4.0
1,2.549036334653211,3.0
4,3.801815234498227,4.0
4,3.5196585457884884,4.0
4,3.162437030511325,3.0
3,3.8972945618488533,4.0
3,2.9798686451833887,3.0
3,3.763440623874916,4.0
3,2.886660797557451,3.0
4,3.566477087872275,4.0
5,3.799618900241659,4.0
4,2.9996644485367283,3.0
2,2.0362735171733717,2.0
2,3.0472953899582973,3.0
4,3.0331889888121086,3.0
4,3.348948198975742,3.0
3,2.3258324436486535,2.0
3,1.9715341125234604,2.0
3,3.8823042768314053,4.0
4,2.881571778681534,3.0
5,4.64767215053475,5.0
4,3.6972643138258428,4.0
2,2.1549281819512864,2.0
5,3.881625479895494,4.0
3,3.3454050910895194,3.0
4,3.4411589527285984,3.0
3,4.08715067560015,4.0
2,2.2681086856584805,2.0
3,2.573144714027848,3.0
4,3.272024657408891,3.0
4,3.0072614101235553,3.0
4,4.352903429708672,4.0
3,2.818767420981293,3.0
3,2.826741616064061,3.0
2,2.0287362946808782,2.0
2,1.9529277693408127,2.0
4,3.4090710509404105,3.0
2,1.8494812655508135,2.0
3,2.7311699057515253,3.0
3,3.5243430245726377,4.0
3,3.1120843435714565,3.0
5,4.517478291306468,5.0
2,2.1900946870598865,2.0
2,3.531037624797599,4.0
3,2.206502767714944,2.0
1,1.488359046127441,1.0
4,3.4909773625533695,3.0
3,3.2702609939918483,3.0
3,2.534958437724014,3.0
4,4.726375546134519,5.0
3,3.365769028857881,3.0
2,2.3152580400301632,2.0
1,1.6731440458435547,2.0
4,4.20338694709809,4.0
4,3.685249649522497,4.0
4,3.6730435954312526,4.0
5,4.4448917539947885,4.0
1,1.7587983715991402,2.0
1,1.3159559516878592,1.0
4,3.5091958107807764,4.0
4,3.6487271439607403,4.0
4,4.736391341213928,5.0
4,4.178682445282008,4.0
3,3.0597841467140867,3.0
4,3.822835605571382,4.0
4,3.585433965537514,4.0
2,2.073363600074907,2.0
4,3.6677031462199263,4.0
2,1.7725216395827907,2.0
1,2.2778467130527122,2.0
4,3.348398100006949,3.0
3,3.415116663622353,3.0
4,3.5225136202748577,4.0
3,3.1243349989387204,3.0
3,2.7095642642363584,3.0
3,2.7765532181531754,3.0
6,5.148795535300034,5.0
4,3.633282970921682,4.0
5,4.25725310574483,4.0
2,2.426057693240979,2.0
3,2.465110841493021,2.0
4,3.7290516108158482,4.0
2,2.2356465430785253,2.0
2,1.9749468320158665,2.0
2,1.8670510854675244,2.0
3,3.127262616120839,3.0
5,4.6583652827603785,5.0
5,3.7282934052829853,4.0
2,2.1292768275428275,2.0
2,2.276417581124897,2.0
3,3.0627882140178113,3.0
4,3.7597795539949432,4.0
2,1.897648908216627,2.0
4,3.358889624186061,3.0
2,2.263579810660227,2.0
3,3.242211735793219,3.0
4,4.251970253138513,4.0
2,2.3914172643370635,2.0
3,3.042260250910083,3.0
3,2.6451697544553032,3.0
3,2.201768127050933,2.0
2,1.650172415305838,2.0
2,2.288583571787361,2.0
2,2.826603444191852,3.0
3,2.3948125052998313,2.0
2,4.305971183105383,4.0
3,2.9313933847677816,3.0
3,2.3637655374524997,2.0
3,2.6671569942556883,3.0
3,2.8438198237419354,3.0
3,3.0528060594806297,3.0
2,1.9673902450577352,2.0
3,3.382974209867127,3.0
3,3.078715809152922,3.0
2,2.911605992316251,3.0
4,3.3622889156440428,3.0
4,3.7244184763529136,4.0
5,4.719224006960157,5.0
5,4.350105976909212,4.0
4,4.730223840529088,5.0
5,4.0587762387068205,4.0
2,2.670031505369418,3.0
2,2.2536403607711386,2.0
2,3.190137428928259,3.0
2,1.9129901392466562,2.0
2,2.1496554168657354,2.0
5,4.4336332644957706,4.0
3,2.9366120322101477,3.0
3,2.8157444393460715,3.0
4,3.636038158333319,4.0
3,2.4566836453168857,2.0
1,1.4320406802766288,1.0
5,3.376735672564346,3.0
2,2.9947855368158836,3.0
4,3.3037674850171954,3.0
1,3.1035532183988996,3.0
5,4.354440854650653,4.0
2,1.6786565137012914,2.0
4,3.5863082982220806,4.0
4,3.3856001026693168,3.0
3,2.9945927233251206,3.0
2,2.9377236534760556,3.0
3,3.2960460073370106,3.0
4,3.8992799563933147,4.0
4,3.9601184970030556,4.0
3,3.122471955450499,3.0
3,3.2173942122421266,3.0
6,5.175254028644848,5.0
5,3.847199277106925,4.0
3,2.985718072195107,3.0
3,2.576779255546009,3.0
3,3.509587251588608,4.0
3,3.403638353094541,3.0
3,2.7243944647387544,3.0
4,3.5790761555289707,4.0
3,3.4347898357404296,3.0
4,3.158388326237164,3.0
2,2.455013154973413,2.0
1,1.7531492756160827,2.0
3,1.957926337307543,2.0
4,4.586722304687842,5.0
4,3.9327593378864987,4.0
3,2.596744675258229,3.0
2,2.2600119859156935,2.0
2,2.7241243717728096,3.0
4,3.1800035489622007,3.0
2,2.3800445166680144,2.0
3,3.0679215665028248,3.0
2,2.2691488692423576,2.0
4,4.490424958407155,4.0
1,3.6162123871014336,4.0
2,2.199209917139848,2.0
3,2.650160980731482,3.0
3,3.0818169097083348,3.0
3,2.7610491048965478,3.0
3,2.547783552116106,3.0
4,3.914495177483848,4.0
3,3.306409141298668,3.0
1,3.3568841415312574,3.0
3,2.6115189861152044,3.0
3,2.223290125841691,2.0
2,2.159613026124331,2.0
2,2.0111632140093016,2.0
2,1.731235060313273,2.0
4,4.914125301251826,5.0
3,2.85991711080822,3.0
3,3.243363300479563,3.0
4,4.167620914993929,4.0
3,2.3792024696640315,2.0
4,2.944944355608294,3.0
1,1.4547011159247811,1.0
4,3.349867898757866,3.0
1,1.9781310386591893,2.0
2,1.8605658710624917,2.0
2,1.592087810316269,2.0
5,4.941202361217182,5.0
2,2.339558871548688,2.0
4,2.972027968152835,3.0
2,1.9647733782532528,2.0
2,1.9687142640911486,2.0
2,2.1419894271694826,2.0
4,3.434251138639529,3.0
2,1.7348679027084817,2.0
4,4.3649090482057336,4.0
5,5.677987152837392,6.0
2,2.8239442789778,3.0
2,2.2070040254948338,2.0
3,2.282817025289127,2.0
4,3.4554016586419167,3.0
4,3.885479912906825,4.0
3,2.9437099940511406,3.0
2,2.2518571892124832,2.0
3,3.2980460468150667,3.0
3,2.8672951730671477,3.0
5,4.3269479505564705,4.0
3,2.6055285402240074,3.0
3,3.1786762754337574,3.0
4,3.0520978368961598,3.0
4,3.4856874572503784,3.0
3,2.5281080105864295,3.0
4,3.0533227920886836,3.0
3,2.419469916541822,2.0
2,2.5067565195049353,3.0
3,3.005454246257933,3.0
2,2.059979541294872,2.0
4,3.7971154382230523,4.0
5,3.6008571455686718,4.0
2,2.5746009431417862,3.0
3,2.621953811565403,3.0
2,2.1171575741668724,2.0
3,3.3950000195077332,3.0
3,2.3223125279642884,2.0
2,1.69620304585922,2.0
5,4.999699149545759,5.0
4,3.7457531996261935,4.0
3,3.50895963339203,4.0
1,1.5101140647094367,2.0
3,2.967341994987135,3.0
2,2.629576630027,3.0
3,2.9994994040283913,3.0
2,2.060321880256615,2.0
4,3.998337203141576,4.0
1,1.8468005942908374,2.0
3,3.380051504554434,3.0
3,3.2033233649222104,3.0
2,2.3201188846298804,2.0
4,3.995446990470448,4.0
4,3.0551953814671484,3.0
4,4.587537538965658,5.0
3,2.489118579924464,2.0
3,2.0387004321050504,2.0
3,3.591006376914648,4.0
4,3.61566676853203,4.0
3,2.0141691298085886,2.0
2,2.0900707457709102,2.0
3,2.444143096206752,2.0
2,3.158280179361472,3.0
3,2.4546638886781316,2.0
3,2.3314253225953117,2.0
4,4.0901458821346495,4.0
3,2.541597130910271,3.0
4,3.061268771319677,3.0
4,4.01650754632581,4.0
4,4.138641344651534,4.0
2,2.63374680306003,3.0
3,3.0984448671825877,3.0
2,2.8123691590308915,3.0
4,4.431664141981528,4.0
2,3.236374898642628,3.0
3,2.9260193081448342,3.0
2,1.9804570120677663,2.0
5,3.108953942973431,3.0
3,2.363150288009157,2.0
3,2.654947364343162,3.0
4,4.006926833582721,4.0
4,3.6233576942124524,4.0
4,4.455260060063927,4.0
3,3.446740534921384,3.0
2,2.285457403101662,2.0
1,2.0429594208794364,2.0
4,3.1963409134493572,3.0
4,3.832724139354113,4.0
1,2.0647216228191216,2.0
4,4.37624146340731,4.0
3,3.424043511777293,3.0
6,4.748077887035036,5.0
3,2.813605640464897,3.0
3,3.1252755900621794,3.0
2,2.5661087814614456,3.0
3,3.6373448207129075,4.0
3,2.858872602575315,3.0
2,1.9545828309715219,2.0
2,2.794388016187036,3.0
3,1.9085536489206112,2.0
2,2.248035400321817,2.0
2,2.8030864125389154,3.0
3,2.5479961859192577,3.0
2,2.948713541517755,3.0
2,2.2352613254409985,2.0
3,2.248216054128037,2.0
1,2.854635530824631,3.0
3,3.0436680883693206,3.0
5,3.9743989024111617,4.0
3,3.1887452639335034,3.0
3,2.3497359848608785,2.0
3,2.5588936254952896,3.0
5,4.361511683380651,4.0
4,4.1032900020432175,4.0
3,3.1724298175063743,3.0
4,4.702748289563913,5.0
3,2.517291000881269,3.0
2,1.845153405399022,2.0
3,2.08658358461579,2.0
3,2.7982539475840884,3.0
2,2.39130367324658,2.0
3,2.9001625517865137,3.0
3,3.066957766581549,3.0
3,3.4265231125879705,3.0
3,2.2499531325117466,2.0
1,1.4228287362808423,1.0
3,2.3551209377188504,2.0
4,3.5420703949367547,4.0
3,3.303673241672828,3.0
1,1.4413015817362993,1.0
2,2.1496439923998327,2.0
3,2.9108445721225857,3.0
2,2.798122722079985,3.0
2,1.402227406418663,1.0
2,2.856576777761484,3.0
3,2.277293383094707,2.0
3,3.026155951941472,3.0
2,2.6237449935475508,3.0
5,4.042997681552116,4.0
2,2.3194331093909657,2.0
2,2.185720539986634,2.0
2,1.633589969963385,2.0
3,3.4477319356727754,3.0
3,2.940546490799546,3.0
2,2.415097709125805,2.0
4,2.9969803852377064,3.0
4,3.0056781405097,3.0
2,2.8279721631591928,3.0
2,1.7358763891334155,2.0
2,2.299892823303923,2.0
5,4.901585092932802,5.0
3,3.71789343002262,4.0
6,5.138855757256791,5.0
3,3.0285338813077596,3.0
3,3.7425210803535975,4.0
2,2.191156753690847,2.0
2,2.379755764754951,2.0
4,4.250267750458683,4.0
4,4.334452941097756,4.0
4,3.6520983155479483,4.0
3,3.4229876196158795,3.0
4,3.7381009604642443,4.0
4,3.621330257371931,4.0
5,5.000727870764637,5.0
1,1.2559577553401213,1.0
1,1.176580314011262,1.0
2,1.8098474347219098,2.0
2,2.500125475185318,3.0
1,1.7472159438700998,2.0
2,2.4204410011143467,2.0
4,4.095562597064728,4.0
2,3.1597141181607156,3.0
2,2.753464177743554,3.0
3,2.5887289107040568,3.0
3,3.425746224269609,3.0
3,2.91249042335658,3.0
3,2.5788132227483276,3.0
2,1.8308346902923383,2.0
2,2.227790852286458,2.0
4,3.2590773607327885,3.0
2,2.3937390269080288,2.0
3,2.543111043878004,3.0
3,3.705125603739521,4.0
2,2.2797885979253376,2.0
2,1.9741051788268098,2.0
3,2.71912122426584,3.0
3,2.428240196278492,2.0
3,2.759490474701296,3.0
2,2.1220387689388214,2.0
3,3.4606270700143513,3.0
3,3.502795979872579,4.0
2,1.9598491300899157,2.0
2,1.6587555847145041,2.0
3,2.6883088120849945,3.0
3,2.7427233275358205,3.0
4,3.1354752678667674,3.0
1,1.9707612872626452,2.0
3,3.0236202595756985,3.0
3,3.2910586680035703,3.0
3,3.9330074478414563,4.0
5,4.242700124579692,4.0
2,2.02573293829322,2.0
5,4.2910540642021875,4.0
4,3.9518872283134012,4.0
3,2.3965375307748142,2.0
1,1.8703279976272495,2.0
2,1.8890339005698231,2.0
3,3.123214406836895,3.0
2,2.521109699789982,3.0
3,3.0245249182060556,3.0
1,1.2970812328959904,1.0
1,1.1062654667260199,1.0
3,3.141119761586377,3.0
4,3.744001237721052,4.0
3,2.8290914334902495,3.0
3,3.0769541397948346,3.0
4,3.7431825019369898,4.0
2,2.448208108610094,2.0
4,3.962271516805076,4.0
4,2.312633924315424,2.0
3,3.0039028629081512,3.0
3,3.0071238375385296,3.0
3,3.1709276178295003,3.0
2,2.821654604770505,3.0
2,3.15609633530858,3.0
3,3.906161266349952,4.0
2,2.250055972119577,2.0
1,2.0422541559708907,2.0
2,2.149741930966077,2.0
2,2.4343209117139595,2.0
2,2.177273460841983,2.0
5,3.667403324412263,4.0
4,4.391151395767624,4.0
3,3.6279110369110477,4.0
4,3.0872938331281135,3.0
1,1.674064205095869,2.0
3,2.9541836642965724,3.0
2,2.782962947901632,3.0
1,1.432943488553381,1.0
4,4.218596086560069,4.0
3,3.3596289977467237,3.0
4,3.928763866473811,4.0
4,3.2590302301717835,3.0
4,2.8008706047843,3.0
3,1.7752573564314895,2.0
4,3.541001504672016,4.0
4,3.369760090916761,3.0
2,2.83216612292308,3.0
3,2.839301042731075,3.0
4,3.7364225794071686,4.0
4,3.7593862439826258,4.0
5,4.353464226342928,4.0
3,3.4619288621141013,3.0
6,5.365147849349795,5.0
4,2.564224984694251,3.0
6,5.367516716644827,5.0
5,4.391589569310905,4.0
5,3.5339820497765615,4.0
2,2.1997690886065637,2.0
3,3.2214431941939714,3.0
1,1.3823478192668828,1.0
4,4.5435762336638765,5.0
1,1.5448462140140156,2.0
4,3.3561003574982564,3.0
3,2.31795129992444,2.0
3,3.413991002091529,3.0
3,4.31110642020243,4.0
2,2.5645577987922064,3.0
3,2.783504931389981,3.0
2,2.268631821411,2.0
1,1.4306077639706192,1.0
3,3.584248409127495,4.0
2,2.1607458268301643,2.0
3,2.4845271802446915,2.0
4,4.051910802220304,4.0
1,1.501149029215572,2.0
1,1.416931129925057,1.0
3,2.939200308149645,3.0
4,4.252779620225313,4.0
2,1.8657074747280722,2.0
4,3.5622618788480955,4.0
2,2.3394143668010137,2.0
2,2.1370508187160873,2.0
1,1.3679066355141831,1.0
2,2.1317018060911943,2.0
4,3.1548226758615185,3.0
3,2.8780467467924287,3.0
2,2.683943868532075,3.0
3,2.7971246181843017,3.0
2,2.901712187263567,3.0
4,4.303618074882596,4.0
2,1.887290724654517,2.0
4,2.9983932597279557,3.0
5,5.0792799339218995,5.0
2,2.4232309489127326,2.0
3,2.6940025273075023,3.0
3,2.1733905636382445,2.0
3,2.737491471981806,3.0
2,2.3407188134304135,2.0
2,1.8507691337181147,2.0
2,2.0934481541604324,2.0
2,2.5308183341334467,3.0
3,1.9042871763952696,2.0
3,2.5646452101744988,3.0
1,3.0232106598816433,3.0
5,4.277422205648523,4.0
4,4.224282557276627,4.0
1,1.4334162058190094,1.0
4,3.587485955000839,4.0
3,2.7989134917352922,3.0
3,3.9548215872603523,4.0
2,2.6429258982159904,3.0
1,1.7036461854114864,2.0
3,3.076839915682155,3.0
2,2.1173041828514543,2.0
3,2.385811374484289,2.0
1,1.2789971059740017,1.0
3,3.33493969480897,3.0
4,3.5335837692346357,4.0
3,3.8998828987040337,4.0
1,1.2001461425882662,1.0
4,3.7158568759640795,4.0
2,2.305032773210562,2.0
4,3.293303566447053,3.0
2,2.382228233803528,2.0
3,3.394304454529971,3.0
4,3.876481163781982,4.0
3,3.0338208432323817,3.0
3,2.465562305806706,2.0
1,3.258220048426602,3.0
4,4.0915755672613985,4.0
3,3.1096861688284263,3.0
2,1.6465637245418825,2.0
2,1.9222403821864933,2.0
4,3.6315906648049294,4.0
5,3.887424707999242,4.0
3,3.1392454243488004,3.0
5,4.387726311459097,4.0
4,3.7832126722244874,4.0
4,3.9648449269425874,4.0
1,2.4981711688785784,2.0
5,4.137024069083468,4.0
2,2.791384016408612,3.0
4,3.396913431222954,3.0
4,3.1546260407313125,3.0
2,2.0031808906253246,2.0
4,4.004449699801231,4.0
2,2.118117012507077,2.0
4,4.041353481074687,4.0
3,3.2172063898066954,3.0
2,2.470421122717896,2.0
4,2.9416110288137274,3.0
4,3.659450556261393,4.0
5,4.09693249324728,4.0
3,2.8373859536864785,3.0
4,4.052559073667693,4.0
4,3.257546564651194,3.0
2,2.9626605465851785,3.0
2,3.534037600072474,4.0
3,2.4953992777752716,2.0
2,2.87919176888985,3.0
4,3.413396367594168,3.0
3,2.287735161484265,2.0
4,4.160882819592851,4.0
2,2.3663587157667765,2.0
3,2.174748621451391,2.0
3,3.0151607714745565,3.0
2,1.9566473959540507,2.0
4,2.3363624442692514,2.0
4,3.1070093722658534,3.0
2,2.1228727523347626,2.0
4,2.8732439353417574,3.0
3,3.306038346495082,3.0
4,4.69577527542777,5.0
2,2.5438080610375815,3.0
3,3.9393016544495874,4.0
2,2.2769838355312513,2.0
1,1.7648866023958656,2.0
3,3.9682886273245743,4.0
3,2.9002732345274347,3.0
3,2.2038603473404166,2.0
4,3.4949918958913,3.0
3,4.154658877348945,4.0
2,1.9492567073786131,2.0
2,2.223923090268982,2.0
3,2.3138054468074953,2.0
3,2.2355566918109853,2.0
3,2.4839270586274207,2.0
3,3.4499202457702123,3.0
5,3.9563197398100733,4.0
2,2.0700320847471003,2.0
2,2.41408058946949,2.0
2,1.6809193197829924,2.0
4,4.2810920683045826,4.0
5,4.005753137605658,4.0
1,2.1816267373390748,2.0
2,2.239061503218918,2.0
2,1.9394965877670218,2.0
2,1.3750969160347126,1.0
1,1.8794804361651527,2.0
4,4.3759528407243184,4.0
4,3.8874072201883,4.0
3,2.7057598693456595,3.0
3,2.8691255879429245,3.0
3,2.617379951124436,3.0
2,2.073655904679253,2.0
3,3.091199711520976,3.0
5,4.01041101460337,4.0
3,3.3150683354502206,3.0
3,2.2832277096943283,2.0
1,1.4812218884295294,1.0
3,2.6420623932313925,3.0
2,2.3447419662651043,2.0
1,0.9708204498701154,1.0
3,2.524463710196561,3.0
3,2.858916834426001,3.0
2,1.63896196864275,2.0
3,3.070624561578508,3.0
4,4.578210369234659,5.0
2,2.1561676244266947,2.0
3,2.8195514476020946,3.0
3,2.4690344373500235,2.0
3,3.1451244961845206,3.0
2,2.316475702321676,2.0
3,2.7439851143394978,3.0
4,4.017650268157335,4.0
5,4.5844403974232595,5.0
4,3.2777210669370493,3.0
3,2.775402180073699,3.0
3,3.339301626812488,3.0
2,2.5594672808848116,3.0
3,2.57914957692415,3.0
4,4.518059631580907,5.0
5,4.770012228954596,5.0
4,3.962900353057811,4.0
4,3.560688914851093,4.0
2,2.393478196574269,2.0
2,2.5987482670041344,3.0
2,2.3316741213714915,2.0
3,2.9449785604136576,3.0
2,2.126638867463637,2.0
3,2.756779107675678,3.0
3,2.963327616530584,3.0
2,2.053247684915044,2.0
1,2.5723681605750492,3.0
1,2.1009531871016396,2.0
2,2.41500535976138,2.0
1,2.08740926173142,2.0
6,4.648615930042012,5.0
2,1.4781872248476582,1.0
3,3.4660097555916436,3.0
2,2.2861461373672456,2.0
1,2.230739645468246,2.0
4,3.541859589267309,4.0
1,1.5653466788798094,2.0
3,2.196695897929339,2.0
2,2.562893178002704,3.0
1,1.2804178262832147,1.0
2,3.093191252005968,3.0
3,4.614779784618874,5.0
4,3.1736418723473494,3.0
1,1.89365435403181,2.0
2,2.395166299179832,2.0
2,2.2304219556045877,2.0
3,2.0115642666710314,2.0
4,3.7150082851249837,4.0
2,2.4747575833083464,2.0
3,2.921036795623752,3.0
3,2.7587132302183663,3.0
3,2.9296345209896724,3.0
3,3.512489874097973,4.0
4,3.949383861713294,4.0
1,1.9183604959389038,2.0
3,3.3266387592138584,3.0
3,3.016845519590822,3.0
2,1.986912724504112,2.0
3,3.1579130667855155,3.0
5,3.919830519256414,4.0
2,2.189096635583386,2.0
4,3.723946553078488,4.0
2,2.1618493903913074,2.0
2,2.0530948801179525,2.0
1,3.388372639586103,3.0
3,2.7453577279229195,3.0
2,2.253626829748198,2.0
3,3.851453960158007,4.0
1,2.337913811279015,2.0
3,3.9106589847009454,4.0
4,3.1294223749641756,3.0
2,2.065138709127654,2.0
3,2.669361075278384,3.0
3,2.8367062239573326,3.0
4,4.339001761760022,4.0
4,3.468675133752273,3.0
4,4.412746038527388,4.0
3,2.35406158358508,2.0
2,2.159652457763487,2.0
4,3.8920153061880756,4.0
3,2.8823788861313884,3.0
2,2.6413287431641703,3.0
3,2.6217823509399483,3.0
3,3.2391067388510746,3.0
3,2.55024271475348,3.0
1,1.7435155520727965,2.0
3,3.004394660282109,3.0
4,3.7034499904020275,4.0
3,3.073513683359577,3.0
3,2.861221917883434,3.0
2,2.65813961392746,3.0
2,2.7511054393320524,3.0
3,3.622632780191952,4.0
4,4.038534563053323,4.0
3,2.3525040055270123,2.0
3,2.9514156038425963,3.0
3,2.3289269884638117,2.0
2,2.592144356415609,3.0
3,3.3516427429619,3.0
1,2.26788651602548,2.0
2,2.409453374183959,2.0
3,2.4938023437965278,2.0
3,3.3785510540177404,3.0
1,1.768414292543472,2.0
3,3.5224158035442485,4.0
3,3.3095941308252583,3.0
1,1.60213679140248,2.0
1,2.3787875040768736,2.0
2,2.8284389233374596,3.0
3,2.3871339739180955,2.0
4,3.5537424336092998,4.0
3,1.9473819930336276,2.0
1,1.8241999473541253,2.0
3,3.5555183700689317,4.0
3,2.6648499443567855,3.0
2,2.195234865666243,2.0
2,1.5493884339725053,2.0
2,2.025519020724617,2.0
3,3.059305200132532,3.0
5,4.296430536193266,4.0
4,3.2562085604491267,3.0
2,2.1620345202111624,2.0
4,3.3368921584993267,3.0
2,2.2314816489833826,2.0
6,4.54382889419884,5.0
4,4.01967464844542,4.0
2,2.449617557308042,2.0
4,3.8146008643227196,4.0
3,3.204115178871105,3.0
2,2.193812194628769,2.0
2,3.0069611227406083,3.0
2,2.2246058194651854,2.0
3,2.8642789320077133,3.0
3,2.702884871239261,3.0
2,1.8722414053012912,2.0
5,5.138908889310089,5.0
4,4.067656012694058,4.0
4,3.831164569977835,4.0
4,2.8328738968881275,3.0
3,2.300681007196149,2.0
3,2.6646562613470834,3.0
3,3.4247333161040583,3.0
3,2.8851557673464234,3.0
2,2.108235643697507,2.0
4,4.037241915147773,4.0
3,3.3024295987110523,3.0
2,3.343682171277887,3.0
4,3.385471844381547,3.0
4,3.054316224630096,3.0
4,3.5209061099473637,4.0
2,2.798357404322711,3.0
3,2.7015787340598023,3.0
4,3.807572746262357,4.0
3,2.7035018944644347,3.0
4,3.620898840922187,4.0
4,4.230792671574527,4.0
3,2.4341676227652944,2.0
3,3.197287874696774,3.0
2,3.0075996172162602,3.0
4,4.404315417487225,4.0
5,3.5516818084089636,4.0
3,3.952534224553709,4.0
2,2.3330564504184035,2.0
5,4.08495414232623,4.0
4,4.325036650035971,4.0
3,3.3818570141536326,3.0
5,4.723903763757605,5.0
3,3.987060926275744,4.0
3,2.8596499523945655,3.0
4,4.070421714885858,4.0
2,0.5359555843184131,1.0
2,1.7252727346835766,2.0
2,2.2828818804970834,2.0
3,3.0564429682388803,3.0
4,4.045549016022958,4.0
3,3.2283152029255477,3.0
4,4.260467272155312,4.0
2,1.3309243433102895,1.0
4,3.8101487331178414,4.0
3,2.4308583096611054,2.0
1,2.4102193182079823,2.0
6,4.802810976454645,5.0
2,2.181565567652409,2.0
2,3.1450976671270525,3.0
3,3.339650339049754,3.0
1,2.7749622277285773,3.0
4,3.9680717079538312,4.0
3,2.0077516451293675,2.0
4,3.327737099187044,3.0
3,2.939629181306684,3.0
3,3.6158120820106165,4.0
2,2.2631991964943605,2.0
4,3.46533055686169,3.0
3,3.056780907857506,3.0
3,3.2083291338677493,3.0
2,1.8662274399386305,2.0
3,2.4115984685473957,2.0
5,3.725721448884183,4.0
4,3.8828144588132876,4.0
2,1.999222279142306,2.0
3,3.5602524543838228,4.0
3,2.342212277651978,2.0
3,3.3037562339310167,3.0
5,4.464843701956411,4.0
1,1.8928866362618257,2.0
4,3.931614014805358,4.0
4,2.9765124504818212,3.0
3,3.1748758953289102,3.0
3,2.512168287517211,3.0
3,2.493090045157694,2.0
2,2.5334724440855654,3.0
4,3.226707115852624,3.0
2,2.5606467394373302,3.0
3,3.7351670628212075,4.0
3,3.299329737647835,3.0
3,2.8534116547543946,3.0
3,2.8604316201679625,3.0
3,2.591950892892344,3.0
3,2.6446944700755104,3.0
3,2.804994759657997,3.0
3,2.722703521253399,3.0
4,3.2489141244224533,3.0
3,2.301698558967383,2.0
3,2.7522884956150873,3.0
3,2.4815947608276,2.0
3,2.562669980641786,3.0
4,3.2344528298899666,3.0
2,2.4354287365602505,2.0
3,2.45989469677461,2.0
5,4.426565316773332,4.0
3,3.251795980941562,3.0
5,4.016818519965146,4.0
5,4.715536225766551,5.0
4,4.044040002912224,4.0
3,2.380856771944508,2.0
2,1.819187773139603,2.0
1,1.9832632043700282,2.0
4,3.3263443110816637,3.0
2,1.8577321105990208,2.0
4,3.75222787339187,4.0
4,3.3171822507558475,3.0
1,1.6927882271592298,2.0
2,1.891794251790087,2.0
2,2.0855548733745306,2.0
1,2.945853230390375,3.0
4,3.008023002073131,3.0
2,2.7802421114252964,3.0
3,2.4634244001090497,2.0
4,4.87885383005083,5.0
2,1.7188910210702255,2.0
3,4.061991885331193,4.0
4,3.2365763334072373,3.0
2,2.078597136473821,2.0
3,2.5607946656032214,3.0
2,2.1412738531830984,2.0
2,2.3033566164701607,2.0
2,2.2254541245589823,2.0
3,3.287348315122323,3.0
3,2.271314070825129,2.0
2,3.6916810977414287,4.0
3,2.409921473566326,2.0
2,2.567349020336854,3.0
1,1.559270320660511,2.0
1,1.643534170117353,2.0
3,2.4624725354672656,2.0
5,4.007055708284217,4.0
3,3.021331054827782,3.0
3,3.497319733494572,3.0
3,2.875779232353764,3.0
3,3.4268445739258264,3.0
3,3.432673104291516,3.0
4,2.617158618419179,3.0
5,4.763530370308708,5.0
2,2.381253478237018,2.0
2,2.5144546373987318,3.0
2,1.9974435272823976,2.0
3,3.5236218585725245,4.0
3,2.0361948323287518,2.0
3,3.216825870608974,3.0
2,2.273764484441055,2.0
1,2.321217504492524,2.0
4,3.1109151287094456,3.0
1,1.5080777286210225,2.0
2,2.16656317323974,2.0
2,2.738731996179496,3.0
1,2.3366074049292136,2.0
4,3.5310718300892123,4.0
1,2.1932310542933147,2.0
4,3.590839442702747,4.0
4,5.319921573046389,5.0
4,3.4006868408026647,3.0
3,3.465853918048611,3.0
4,3.521405146386931,4.0
2,2.477006735526985,2.0
2,2.049714343082202,2.0
4,3.4456917682484125,3.0
2,3.561263824763778,4.0
3,2.6244952112316553,3.0
3,3.43208580384566,3.0
2,2.0482679406142834,2.0
4,3.219094732929426,3.0
2,2.3773978678533707,2.0
2,1.9706269078279528,2.0
2,2.2821204246184355,2.0
4,3.283662802515436,3.0
3,3.034537404034624,3.0
2,2.218842825107349,2.0
1,2.0308323229163996,2.0
3,2.1298340758461807,2.0
1,1.8636346157593682,2.0
4,3.77269658290971,4.0
5,4.67321638023199,5.0
4,3.799289189384384,4.0
4,3.343357730222437,3.0
2,1.799116616156255,2.0
4,4.118233704529629,4.0
4,3.7760920743759527,4.0
4,2.3963377962952315,2.0
3,2.694788316509191,3.0
3,3.102550730316688,3.0
3,2.808375077085351,3.0
3,3.4551254222672374,3.0
5,4.393415795093378,4.0
5,4.005013228901201,4.0
2,2.6476381337223547,3.0
5,3.9910691111793106,4.0
5,3.872155251533273,4.0
3,2.849256294610264,3.0
2,2.652893203606194,3.0
4,2.497419692549279,2.0
1,2.211987940349268,2.0
3,2.874246474328083,3.0
4,3.6176917029767504,4.0
3,2.822469513552421,3.0
3,3.5488266138843505,4.0
4,3.3472478582581577,3.0
3,2.292433051304902,2.0
5,4.282600840068223,4.0
1,1.1067966796408146,1.0
1,1.119492159195041,1.0
2,3.2859943053039578,3.0
2,2.7419573211665416,3.0
3,3.082130376081179,3.0
4,3.190848084761146,3.0
2,2.786994625680543,3.0
3,3.1796718460315856,3.0
2,2.0358326704462666,2.0
4,3.9708082334054158,4.0
1,2.2338717617759634,2.0
4,3.8186441884526277,4.0
3,3.0494319585097,3.0
2,3.0258695512811578,3.0
2,2.034485252262171,2.0
3,3.06236002237572,3.0
3,3.0925508032061186,3.0
3,2.223123053847535,2.0
2,1.927253940134908,2.0
2,2.9145323843892386,3.0
3,3.00847072177421,3.0
2,2.6722593082050747,3.0
2,2.5936236028424737,3.0
3,3.2467855444255513,3.0
4,3.790964016525692,4.0
4,4.394441340580495,4.0
1,2.2347258852851546,2.0
4,3.8944125082547174,4.0
2,2.3815182950446365,2.0
3,2.579619833648724,3.0
1,1.1471147388115335,1.0
4,4.319256411308599,4.0
1,3.3905038452815743,3.0
4,3.7603459080788166,4.0
4,3.9011736423028793,4.0
3,2.950870597125996,3.0
3,2.856105814983517,3.0
2,2.3046924107718767,2.0
4,4.393067910162609,4.0
4,3.4552882845306487,3.0
3,2.592993358114279,3.0
2,2.4946095182641783,2.0
3,2.723891734124752,3.0
4,2.608840479427334,3.0
4,3.5553439802652207,4.0
1,1.68190773284679,2.0
2,1.3483984785854348,1.0
3,2.936603292143664,3.0
2,2.5924257735436713,3.0
2,1.7962395898717969,2.0
3,2.8720485469563526,3.0
3,2.0598113535684113,2.0
2,1.976938949209029,2.0
1,1.426196052885165,1.0
3,3.2054151196163465,3.0
3,2.4311009213742185,2.0
3,3.32425604301716,3.0
2,3.01786036259469,3.0
5,4.6450363416834355,5.0
2,2.1881490385040414,2.0
2,2.2062345196309896,2.0
3,4.17638439226662,4.0
1,1.8157040292078528,2.0
3,3.198789075686041,3.0
5,3.630485391040879,4.0
2,2.3407166952641822,2.0
1,1.8890499241647605,2.0
3,3.268693248030267,3.0
3,2.876948639096959,3.0
4,3.630771329785496,4.0
3,2.6990896156898576,3.0
1,2.0851271320773104,2.0
4,3.983313397201895,4.0
2,3.6833319011864427,4.0
2,2.5823719966682828,3.0
5,4.231449906861603,4.0
4,3.824216917355835,4.0
1,2.3759005705649296,2.0
2,3.5159090571519394,4.0
3,2.86274125355093,3.0
2,1.8262297113902952,2.0
2,3.0394093119086265,3.0
3,3.0365302338262765,3.0
2,2.596073220674513,3.0
3,2.3090332241932185,2.0
3,2.7921011976408905,3.0
4,3.660739626242984,4.0
2,2.4387688986992497,2.0
4,3.0143568196164394,3.0
2,3.3210314317061744,3.0
2,2.390574255957984,2.0
2,2.5320272765308816,3.0
3,3.427195713999907,3.0
3,3.301789226259464,3.0
3,3.4039773183609157,3.0
1,1.5431360729037111,2.0
4,3.7442349961270103,4.0
2,2.107286640466141,2.0
4,4.878295764084772,5.0
3,2.1954169061216007,2.0
4,3.417582581557071,3.0
5,4.753276864196665,5.0
1,2.24430844911893,2.0
3,3.375311537636627,3.0
2,2.674365376219639,3.0
5,4.4408458548120855,4.0
4,4.2709184959952085,4.0
2,2.911561796900081,3.0
2,2.5737285526882117,3.0
1,2.01073909874738,2.0
3,2.327611976787269,2.0
4,3.6718363727198398,4.0
5,4.771737412269718,5.0
2,2.0247695920736275,2.0
3,2.9860988439112948,3.0
3,2.3543528260425757,2.0
5,4.031330669335701,4.0
2,2.295865872698017,2.0
4,4.11690872645447,4.0
3,2.5873804908903377,3.0
4,4.49051937122701,4.0
2,1.7484175898768402,2.0
2,2.478128249825435,2.0
3,1.9532243965492317,2.0
3,2.395382259696499,2.0
4,3.2074638701042084,3.0
2,3.076875886857323,3.0
3,2.639920215680989,3.0
3,2.728718553951187,3.0
1,2.0183170871360874,2.0
1,1.8763941791647385,2.0
3,3.195947625089385,3.0
1,1.359311354875676,1.0
3,2.3769668801359143,2.0
3,2.0171992750536867,2.0
4,4.285199614361962,4.0
3,2.455923818758655,2.0
3,2.622238880383763,3.0
3,4.092914435866284,4.0
3,2.765138144859019,3.0
4,3.2661805619358497,3.0
4,3.9901169245483294,4.0
3,2.8999503020564688,3.0
1,1.9216842960877838,2.0
3,2.5350691575900157,3.0
2,2.3700155894044914,2.0
3,3.0952501937215433,3.0
2,1.2825176018980065,1.0
3,3.5952180903468673,4.0
3,3.2497355340685026,3.0
1,2.35266371430147,2.0
4,3.030778714244953,3.0
4,4.1145742113812815,4.0
3,2.2275067922147915,2.0
5,3.9494510951656383,4.0
3,2.832020116328045,3.0
3,3.184858302769822,3.0
5,3.6069982761588166,4.0
2,2.24984996473367,2.0
4,3.4019248143927854,3.0
5,3.8049927525043414,4.0
2,3.588483623503431,4.0
2,2.218637519000712,2.0
3,2.92584838956864,3.0
4,3.757686354705277,4.0
2,2.3861573961792324,2.0
3,2.9977365715448405,3.0
3,2.7212002314272374,3.0
2,1.9089830970727522,2.0
2,2.2627812476646434,2.0
4,2.761924619535731,3.0
1,1.4126303065825814,1.0
3,2.595314882550496,3.0
2,2.280442827573847,2.0
3,2.6139232294341284,3.0
2,2.1171537116229597,2.0
3,2.8686373363505475,3.0
4,3.406430112983507,3.0
4,3.5631200625797637,4.0
2,1.9189922333562905,2.0
3,2.636787723005881,3.0
1,2.426358011644066,2.0
2,2.0079476640100045,2.0
3,3.14101422028708,3.0
3,2.7805306513155212,3.0
1,1.9427626629244754,2.0
4,3.5627052908631605,4.0
1,3.1290028324903316,3.0
2,2.2768107564943305,2.0
2,2.0270042474571857,2.0
2,2.3775662648643507,2.0
2,1.9472764358637498,2.0
3,2.334113335590065,2.0
3,2.705104328791107,3.0
2,1.9000761941851187,2.0
2,2.5061126199206427,3.0
2,2.762798823474734,3.0
2,2.252054969096357,2.0
3,2.7113128629849643,3.0
4,3.141520308125149,3.0
3,3.6986773513238407,4.0
4,3.75574659495214,4.0
4,4.6251198862744465,5.0
5,3.2056369927206085,3.0
3,3.5958229585779318,4.0
4,4.2475470135381626,4.0
4,3.309496320226831,3.0
2,1.3893921119650996,1.0
2,1.5082806134289601,2.0
1,1.2722599406502804,1.0
3,2.3457582608837493,2.0
2,1.878033438837085,2.0
2,1.978601693223987,2.0
4,2.9826668403530667,3.0
2,2.3259289581886904,2.0
4,3.486635288673001,3.0
2,1.9933501626076702,2.0
4,3.7410189342840274,4.0
4,4.062634810099177,4.0
2,2.3256295615616267,2.0
4,3.8810133240910063,4.0
4,4.433450092346271,4.0
3,3.669819518877524,4.0
1,2.823268760689907,3.0
4,3.682361483102959,4.0
4,3.865461276593552,4.0
3,2.262584471118235,2.0
3,3.384935277974625,3.0
3,2.6999989816696393,3.0
1,1.4858794939300637,1.0
4,3.9503751180716455,4.0
3,3.1801502534853365,3.0
3,3.1116949424857934,3.0
5,3.7205376019530774,4.0
4,3.9630888257120964,4.0
3,2.662436612652049,3.0
3,2.6014226412478783,3.0
3,2.6460837325648137,3.0
2,2.045103445441787,2.0
5,4.719137842001962,5.0
4,3.7135646269079436,4.0
2,1.999704031933292,2.0
2,2.347914958484684,2.0
2,2.2059312066811962,2.0
5,4.63345682438161,5.0
4,3.6934196461110185,4.0
3,2.4780112147123012,2.0
2,2.2133432921488914,2.0
1,1.1331995406495798,1.0
3,2.466005613520078,2.0
3,2.353161734978597,2.0
2,2.2096473765868345,2.0
2,2.340564836365971,2.0
2,2.5135662458121293,3.0
3,3.189354542929753,3.0
4,4.1911773136877075,4.0
3,3.458506138731874,3.0
1,2.2656557135066584,2.0
3,4.1380911561368805,4.0
3,2.046752782562465,2.0
3,2.632812860228958,3.0
4,3.98873923273994,4.0
3,2.9914448515230427,3.0
4,4.114537111336523,4.0
2,1.9199602387517334,2.0
5,4.649275177628085,5.0
4,4.068415474106689,4.0
4,3.0259485200782295,3.0
4,3.7371472288469496,4.0
3,2.6394107243008893,3.0
4,4.621572454931144,5.0
3,3.1434790829190327,3.0
2,2.2491128248683423,2.0
3,2.9845614403812784,3.0
4,3.7160197649654707,4.0
2,2.2674325814802727,2.0
2,2.0935455047085165,2.0
2,2.7538991478168224,3.0
4,3.468171084106825,3.0
1,2.0434943412166677,2.0
3,3.1178062272983373,3.0
3,2.4929413698727454,2.0
2,2.3730691211951433,2.0
3,2.681630609009107,3.0
2,2.441377983381885,2.0
2,1.7613248032461006,2.0
2,2.6397532985667986,3.0
3,2.36245861792661,2.0
2,1.645334289187365,2.0
4,3.057727564721202,3.0
4,2.9587956020585575,3.0
4,3.8387863318475977,4.0
3,2.8561854881951496,3.0
5,4.1664366373486,4.0
3,2.6690936944383186,3.0
4,3.6048886423424245,4.0
3,4.153114923220745,4.0
1,2.344870856954804,2.0
6,5.055104733130831,5.0
2,2.8277092839741353,3.0
4,3.9347518927952363,4.0
3,3.3796070925636617,3.0
4,3.298187727499007,3.0
5,4.742422451190487,5.0
4,4.0582135659170815,4.0
4,3.2488999851247318,3.0
2,2.609955990223302,3.0
2,2.1569772061548775,2.0
3,2.8981692782510535,3.0
3,3.401812027865146,3.0
3,3.8679770991334634,4.0
4,2.8537616226884954,3.0
3,2.2658652433203743,2.0
1,1.3591987219477137,1.0
3,3.2123970562860262,3.0
4,3.5586291429015207,4.0
1,1.923720547903866,2.0
4,3.3696721849893274,3.0
3,2.784558759073327,3.0
3,2.298820445130043,2.0
3,3.155073596896822,3.0
1,2.8861621742568087,3.0
1,2.6160398144038237,3.0
4,3.7288306256717116,4.0
2,2.8070856437254,3.0
3,2.7600923347694373,3.0
3,2.890008651308864,3.0
2,2.580711877652918,3.0
3,3.179419907705168,3.0
4,3.4808239160826377,3.0
4,3.8692117300232867,4.0
2,1.9364242766259678,2.0
3,2.56111730579785,3.0
1,2.4726768178757528,2.0
3,2.7939512048811377,3.0
2,2.172678269054839,2.0
2,2.958246316267635,3.0
4,4.6590434933851785,5.0
3,3.0397668516769794,3.0
3,3.738757833754412,4.0
3,3.625942632249729,4.0
5,4.885186864845161,5.0
3,3.0649083779784534,3.0
4,3.9470979472814047,4.0
1,1.723407284198186,2.0
3,3.3713940515544576,3.0
4,4.515997852165331,5.0
3,2.9653071574309786,3.0
4,3.5587963230934996,4.0
4,4.501165979404025,5.0
4,4.3220719455574494,4.0
2,1.996462259260407,2.0
3,3.3101471884345255,3.0
3,2.6482317023366493,3.0
5,4.2215426672521525,4.0
3,3.692970756544216,4.0
2,2.60065151041829,3.0
3,3.0020570924001353,3.0
3,2.664902958418252,3.0
1,2.2993679371184768,2.0
1,1.878254234089873,2.0
3,3.207526808876215,3.0
1,2.2985564903196516,2.0
3,2.0962677765386335,2.0
2,2.4066652933573254,2.0
4,3.758423568512701,4.0
3,2.0941690455143824,2.0
3,3.6934271316199956,4.0
4,3.0784979787000166,3.0
3,3.947549500248239,4.0
2,2.3068324866821466,2.0
3,3.0531074024910008,3.0
1,2.1440131448702853,2.0
3,2.7517578665176927,3.0
2,2.4595530945445043,2.0
4,4.114213065000812,4.0
2,1.458917222125995,1.0
3,2.5603296254017684,3.0
2,2.1182045303623607,2.0
2,2.477996734882926,2.0
3,3.1624508106587683,3.0
3,3.045834797349271,3.0
4,3.1786035159431396,3.0
3,2.2390703879208975,2.0
2,2.470145975623838,2.0
2,2.213601079402922,2.0
1,2.1944555461831814,2.0
3,2.880360392750918,3.0
2,2.1240450243920903,2.0
3,3.0497866738016115,3.0
4,3.586720710094878,4.0
3,2.502871108557552,3.0
5,4.395039488812165,4.0
4,3.6872665528699966,4.0
2,2.2528544464490223,2.0
4,3.192992819890057,3.0
5,4.671437538714486,5.0
4,3.41980704959422,3.0
4,3.836589963347611,4.0
3,2.9332821914694387,3.0
2,2.26290237683296,2.0
3,3.5406964692869654,4.0
3,2.6058333365870237,3.0
3,3.2186096600364933,3.0
1,1.7927062004821879,2.0
5,2.8428627198607592,3.0
3,2.349199506900995,2.0
4,4.022264492372356,4.0
3,2.3485471778464184,2.0
2,1.9628798404294123,2.0
3,2.427324502537572,2.0
2,1.925443741632677,2.0
4,4.009379802347394,4.0
4,3.582100562994648,4.0
4,3.2641125192131875,3.0
4,4.120621209076383,4.0
2,1.93793279559332,2.0
4,3.5721724125785097,4.0
2,2.719140167457578,3.0
4,4.5713439719513635,5.0
3,2.0456743500307586,2.0
2,3.3168804870851236,3.0
3,2.8812372179633687,3.0
2,2.050013155754636,2.0
5,4.750978044986544,5.0
4,4.885643419822132,5.0
2,1.6097125184828434,2.0
3,3.24509836805046,3.0
3,2.5744147770068437,3.0
4,3.668536080623669,4.0
3,2.913707177432336,3.0
3,2.9389611444397805,3.0
4,3.738068841664698,4.0
2,2.026289007695535,2.0
2,2.933337458213067,3.0
3,2.052248844480898,2.0
3,3.0769542235573946,3.0
2,2.8047020861396454,3.0
2,2.4217742056844838,2.0
3,3.4719058904328657,3.0
3,2.885675022539676,3.0
2,2.108557328943378,2.0
3,3.6328443300768565,4.0
2,1.917102703954786,2.0
3,3.133068787327638,3.0
4,4.237249556288957,4.0
4,3.3476110443296143,3.0
2,1.7295146777177657,2.0
3,3.5309009717568034,4.0
4,4.364962270554413,4.0
2,1.5123510968677132,2.0
1,1.7586030806854882,2.0
3,2.9110700104971,3.0
3,3.440606094408294,3.0
3,3.4426168987205967,3.0
2,2.14292128742895,2.0
4,4.032067612673891,4.0
2,2.575848543410883,3.0
2,1.8478155093749735,2.0
2,1.9145283701393643,2.0
3,3.625924935515617,4.0
3,2.89712422259016,3.0
5,3.943376649487196,4.0
2,2.625621568334071,3.0
1,2.380346637318049,2.0
2,1.5578105644028182,2.0
2,1.824986136632112,2.0
3,2.614704843677458,3.0
6,4.633153847528672,5.0
2,1.8632454071314484,2.0
5,3.4270817076792732,3.0
3,2.6725092153333048,3.0
2,2.102631850440119,2.0
2,1.6474177912667394,2.0
5,4.0303271327079955,4.0
4,3.697891588829594,4.0
4,3.430670275578633,3.0
4,3.200360868582591,3.0
3,3.171118395768346,3.0
4,3.3342586761982376,3.0
4,3.9769458452067274,4.0
2,2.164587259207665,2.0
3,3.663487833395686,4.0
4,2.303934380722914,2.0
4,3.222001892708845,3.0
4,4.649529153653047,5.0
3,2.9813985354869126,3.0
4,3.623952044591146,4.0
3,3.099134358332822,3.0
5,4.060953220847126,4.0
2,1.8927531120596002,2.0
5,5.375950497771244,5.0
4,4.421084230505473,4.0
3,2.2808619691275025,2.0
4,3.2625558982538565,3.0
3,3.314991002698224,3.0
3,3.0318373636222082,3.0
4,3.7162300561963253,4.0
4,3.733207084778716,4.0
2,1.6807400869475113,2.0
2,2.246316759275566,2.0
2,2.0936806656448614,2.0
2,2.4477404843981168,2.0
1,1.8398726248278483,2.0
5,4.263559170492256,4.0
4,2.909951773390153,3.0
4,3.2758147390373304,3.0
3,3.2168991109778924,3.0
4,3.606479487422091,4.0
1,1.7391466656665515,2.0
2,2.116836806481026,2.0
2,2.64532355753877,3.0
4,4.354368504724689,4.0
2,2.183264557592114,2.0
4,4.272255987474753,4.0
3,2.2635509946955144,2.0
2,2.4618410069314196,2.0
2,2.873386022314288,3.0
3,2.9142282195118057,3.0
4,3.598369861796108,4.0
3,2.9994552809621964,3.0
4,4.263550777089111,4.0
2,2.2070712272964377,2.0
1,1.4356170441815403,1.0
5,4.439098175719724,4.0
2,1.8451184430563774,2.0
4,3.8315413740690305,4.0
2,2.8170074618630525,3.0
3,2.626088751353065,3.0
3,2.549081088258755,3.0
3,4.48527919170333,4.0
3,2.039201668521184,2.0
3,2.825887576071925,3.0
1,4.232686564488911,4.0
4,3.3754404739138173,3.0
5,5.005899449557568,5.0
2,1.932284020833318,2.0
3,3.7082685637216706,4.0
4,3.238054288484898,3.0
2,2.2332514781284694,2.0
1,1.9583058057441636,2.0
3,2.9209015677674826,3.0
3,2.4608394605989163,2.0
2,2.277083843595261,2.0
3,2.207268939932221,2.0
5,4.745379677372802,5.0
2,2.2905774008337825,2.0
4,4.311224917472665,4.0
1,1.727378888014214,2.0
5,3.8405921439608974,4.0
1,1.370605085547505,1.0
3,2.150718881486342,2.0
3,2.9306513057306063,3.0
4,3.7393978843930746,4.0
2,2.6911911125681094,3.0
4,4.614070042049939,5.0
3,3.5188077583591437,4.0
1,2.6804812913654406,3.0
3,2.7713388405826556,3.0
4,4.008037592962988,4.0
3,3.20995158723687,3.0
2,2.1547705652674956,2.0
3,3.253453662301849,3.0
1,1.9997160733630017,2.0
3,2.8538584773004683,3.0
3,2.5878903677326224,3.0
3,3.7473955256587512,4.0
3,2.0221962826795195,2.0
2,2.206785931531268,2.0
2,2.0662458019928818,2.0
1,2.390775452344146,2.0
3,2.6215948863193383,3.0
5,3.8092455540175116,4.0
3,2.40408783240898,2.0
2,1.785602267674441,2.0
4,3.39600330168318,3.0
3,2.960671382611425,3.0
3,3.581471125625954,4.0
2,2.0810361754886944,2.0
3,3.068232807434869,3.0
4,3.777332660963212,4.0
4,3.7739774380537083,4.0
2,2.254674941669172,2.0
3,2.369066762427746,2.0
3,3.472580529467763,3.0
2,2.668995617433248,3.0
2,2.4560166813410644,2.0
4,2.8000494222389203,3.0
4,3.969674689428808,4.0
3,3.2218267536258036,3.0
1,2.180670035554758,2.0
3,3.2537670832545267,3.0
1,1.6365030573258452,2.0
5,3.4144969954007878,3.0
3,2.834726570560413,3.0
3,2.8658350680677906,3.0
5,3.811035969651093,4.0
2,1.9859572358688862,2.0
4,3.2702451442208336,3.0
3,2.5290559962990917,3.0
4,4.3380243201417255,4.0
4,3.4641331848097687,3.0
2,1.5770739749559033,2.0
2,1.639864411100281,2.0
2,2.5850726911418542,3.0
2,2.492653474401742,2.0
3,3.2460917222815304,3.0
2,2.6135390331504365,3.0
2,1.657184900461524,2.0
3,2.5017331050392175,3.0
2,2.0369130394218913,2.0
4,2.900476482224543,3.0
3,2.825167807441304,3.0
2,2.5436575217132695,3.0
3,2.561546046881188,3.0
3,2.7120022417351684,3.0
3,3.288294011897869,3.0
4,3.626016089120752,4.0
2,2.493598440806353,2.0
3,2.7988208405967274,3.0
1,0.9904042600124038,1.0
3,2.8581750406736224,3.0
2,2.298281783143533,2.0
4,3.3580732717441086,3.0
4,3.4179975114890464,3.0
1,2.3194249712889374,2.0
2,2.4472925228384166,2.0
4,4.190757231515993,4.0
3,3.5132093381295375,4.0
3,3.9880105838611133,4.0
5,4.5557195155932995,5.0
4,2.723707322542548,3.0
3,3.542651932902495,4.0
1,1.8059878957209732,2.0
2,2.5394331957747682,3.0
3,3.105581286003124,3.0
3,2.8485623991727747,3.0
5,4.285901344759215,4.0
3,2.0762851466582477,2.0
4,4.102934250212042,4.0
2,2.496611029997227,2.0
1,1.9236671271599903,2.0
6,4.906682356064938,5.0
2,2.193012736521528,2.0
2,1.5663686306198548,2.0
6,4.580624003727468,5.0
3,2.382981337634384,2.0
3,2.795706830211919,3.0
2,3.056018194964154,3.0
4,3.1730495247279427,3.0
2,2.601015170617267,3.0
3,3.5094139399572044,4.0
3,2.3637026790110136,2.0
3,3.408614266709096,3.0
4,3.7227556210702937,4.0
3,2.4513442961341885,2.0
3,2.8633306779403163,3.0
3,3.254268332789739,3.0
2,3.344028459381825,3.0
2,1.9519177586633891,2.0
2,3.1954090506193844,3.0
2,2.814192234668392,3.0
2,2.011834070731261,2.0
5,4.458155215820951,4.0
3,3.3501791658283278,3.0
3,3.16355909743949,3.0
2,1.9431857890576498,2.0
1,1.7642902913551821,2.0
5,4.009794374413047,4.0
3,1.9517340961208778,2.0
1,1.4908217664657468,1.0
5,3.8545750905261906,4.0
3,1.9198662472794958,2.0
4,4.120951262165987,4.0
3,2.4671880153637167,2.0
2,2.3083558521878853,2.0
3,3.5621839958301167,4.0
2,2.2827937587499303,2.0
4,3.686951318249456,4.0
2,2.5380083858276827,3.0
3,4.30912119659718,4.0
2,1.9229988997843723,2.0
3,2.695625410998335,3.0
3,2.5660858911010838,3.0
2,2.5212331730788167,3.0
3,2.4206359428743722,2.0
3,3.3341288258734028,3.0
4,3.7080710598999493,4.0
2,1.5504612042256083,2.0
2,1.9144677739481877,2.0
1,2.1598320921639123,2.0
2,2.0953736888504135,2.0
5,4.4539659045140905,4.0
2,2.022332559898337,2.0
4,3.9045931249100643,4.0
4,3.304586888476125,3.0
3,2.482689342296378,2.0
3,2.831874703847313,3.0
4,2.6630319236450446,3.0
2,2.418618169501609,2.0
4,3.262082625584779,3.0
3,3.293754681912006,3.0
3,2.77241250240472,3.0
4,3.8401173375317663,4.0
3,3.7711782466711377,4.0
2,2.111712903898362,2.0
3,2.796597725046953,3.0
4,3.1991609156462504,3.0
3,2.4731539893335213,2.0
4,4.125679127419938,4.0
3,2.3224447826165937,2.0
2,2.240427861427034,2.0
3,2.337256930199393,2.0
2,3.0938324136741633,3.0
4,3.4571474570320277,3.0
3,2.9568266766410987,3.0
3,2.8393928193404103,3.0
2,2.205691591934513,2.0
4,3.553633017387264,4.0
2,2.261758781655894,2.0
2,2.2362497871906535,2.0
4,3.9026341546772914,4.0
2,2.390086837243147,2.0
4,3.189397419244548,3.0
2,2.644289332690924,3.0
2,1.5980623239264002,2.0
2,2.069518508226877,2.0
4,4.010689612718869,4.0
3,2.5061462201777207,3.0
2,2.055264979091898,2.0
3,3.5591019378767377,4.0
3,2.8475309179426023,3.0
2,2.140081897789116,2.0
3,2.9726008118484173,3.0
2,2.824227178699131,3.0
4,3.500498870972332,4.0
3,2.1712122123024393,2.0
3,3.284520439283123,3.0
2,3.0478302343158874,3.0
3,3.082544275465397,3.0
4,3.1263226345623885,3.0
4,2.7282471936698522,3.0
3,2.7086686274798244,3.0
4,3.048938943354265,3.0
2,2.5362730460183385,3.0
4,3.6039644936487716,4.0
4,4.400135972579035,4.0
4,4.052888995501452,4.0
3,3.8385323588946756,4.0
2,3.060105431083156,3.0
4,4.205986195866798,4.0
3,2.0499197336763038,2.0
3,3.133370837413611,3.0
3,2.200263262525981,2.0
4,3.223048876841732,3.0
4,3.869482493120562,4.0
3,2.949002472517141,3.0
3,2.7342440702599022,3.0
4,2.425787604084519,2.0
2,2.312665578482817,2.0
3,3.0968758148440467,3.0
3,2.426643001441932,2.0
3,3.019556093379395,3.0
2,2.007839481430976,2.0
2,2.023358384666785,2.0
2,2.3556695844413196,2.0
2,2.993123243708892,3.0
3,3.5002576299524812,4.0
2,2.0709491057178897,2.0
3,3.4928151975578174,3.0
4,3.4194694693026397,3.0
3,2.596750017177143,3.0
3,3.2135562458215707,3.0
2,2.33931527371423,2.0
1,1.7878481457619122,2.0
4,4.65422084340217,5.0
4,3.6345166444597647,4.0
4,3.584462302380997,4.0
4,3.5402497718587007,4.0
2,1.917193186185715,2.0
4,3.1473875798123436,3.0
4,3.283816037312121,3.0
4,3.654059931933598,4.0
2,2.845098000343375,3.0
4,4.657658306471418,5.0
3,3.285781408716889,3.0
3,3.1169079926299936,3.0
2,1.7976802489515993,2.0
2,1.7651208973127914,2.0
2,1.8098052966488343,2.0
2,2.036514880025386,2.0
4,4.01877918844995,4.0
4,3.015356012890816,3.0
4,4.132020267745595,4.0
2,3.2307724005054053,3.0
3,1.634537363299376,2.0
2,2.465500850088972,2.0
3,3.589308236321588,4.0
3,3.4099840272960398,3.0
3,3.837043783238638,4.0
2,2.572627257585246,3.0
3,2.739406649004486,3.0
2,1.9635546726861024,2.0
2,2.0507067549556526,2.0
3,1.7126123525984769,2.0
2,1.9160501945303123,2.0
3,2.6658896563998784,3.0
2,1.9969941625922505,2.0
2,2.6295735732515007,3.0
4,4.077364254497576,4.0
2,2.615537890319789,3.0
2,2.203921988266281,2.0
4,4.1091588859415635,4.0
2,2.400923075074548,2.0
1,2.0345387015371,2.0
3,3.6992579241303742,4.0
3,2.848952722879652,3.0
2,2.2294068208003575,2.0
4,3.1594014360667653,3.0
3,3.3782777881718973,3.0
5,4.58737080736834,5.0
4,4.205468408804077,4.0
2,2.4587198047992453,2.0
3,2.9291010826383146,3.0
3,3.0463622270861612,3.0
4,3.8828399567668144,4.0
4,3.9432943570379804,4.0
5,3.7238577238981545,4.0
3,3.0235980078536087,3.0
3,2.7436985399127383,3.0
3,3.2905997376871747,3.0
3,2.5573416832775138,3.0
3,2.965936789550633,3.0
3,2.0882401727789226,2.0
4,3.1736396121015154,3.0
2,1.8837355909028413,2.0
3,2.7449651703273443,3.0
2,1.4724999361827709,1.0
1,1.9228696502028315,2.0
3,2.6626100460867757,3.0
2,2.912671575387531,3.0
4,4.228565123558292,4.0
2,1.6288933137770087,2.0
2,2.3253547284249567,2.0
3,2.95880431526932,3.0
2,2.3121379511804188,2.0
3,3.2105511994729454,3.0
3,3.5771558378327466,4.0
3,2.877788995716514,3.0
3,2.8490937822271647,3.0
1,1.7600127901676328,2.0
2,3.2330520274808157,3.0
3,4.303377246859011,4.0
1,2.411560867596099,2.0
4,3.1230321920969613,3.0
4,4.163699306791329,4.0
2,1.8773463044537781,2.0
1,1.8768183923745565,2.0
4,3.482489208196288,3.0
4,3.9651004131794942,4.0
1,1.3582125297972398,1.0
4,3.9129667663778642,4.0
2,1.9696601059915724,2.0
2,2.1125804921335543,2.0
4,4.574338076282721,5.0
2,2.08862290178017,2.0
1,1.7956986087338789,2.0
1,2.1430411551269684,2.0
3,3.203400306538509,3.0
4,3.8900556035247353,4.0
3,3.0780303613639033,3.0
3,3.0397925517397604,3.0
2,2.5849477890664074,3.0
3,3.224844600750195,3.0
3,3.139103058580289,3.0
4,3.7142305724138174,4.0
4,3.150038839961423,3.0
2,2.040516751698781,2.0
3,2.931419890202697,3.0
4,3.1788000336137343,3.0
2,2.2980205417388717,2.0
2,2.37008582968928,2.0
2,2.405226079711455,2.0
3,2.2908062651292975,2.0
4,4.368998227399267,4.0
1,1.839224256388057,2.0
3,4.099718530047167,4.0
2,2.403827296525238,2.0
1,1.7367007588417354,2.0
3,2.4901610086593857,2.0
5,4.187685658819032,4.0
2,2.580891763159826,3.0
3,3.79389959163963,4.0
4,3.5679443986356816,4.0
1,2.885518070308386,3.0
2,2.9361073371773725,3.0
1,1.4480375228455162,1.0
4,3.568383715499632,4.0
4,2.6812931354158174,3.0
2,2.2093343145741606,2.0
4,3.7171754634299226,4.0
3,2.4759042795530113,2.0
3,3.246826663891084,3.0
2,2.8355431718032102,3.0
3,2.459176872972843,2.0
3,3.4390564038956075,3.0
3,3.4001885792995403,3.0
3,3.0721899950262923,3.0
2,1.9801677898717227,2.0
3,2.4660512659660445,2.0
4,3.9116867334669037,4.0
5,4.1914234916311175,4.0
4,3.334810487889476,3.0
3,3.721085636471011,4.0
3,2.9501231452404735,3.0
2,2.204778413616409,2.0
3,2.9753590408020276,3.0
4,3.3996101040657623,3.0
3,2.3808238537161657,2.0
2,3.157106855771454,3.0
3,1.9838767688721024,2.0
5,4.09516449707002,4.0
3,3.225388781574995,3.0
3,2.5785556407001864,3.0
3,3.2715039260022127,3.0
2,1.8847071204245678,2.0
1,1.9179239310086007,2.0
2,1.8279250001017149,2.0
4,3.481123577951413,3.0
5,3.8054681475099925,4.0
3,2.816390369900129,3.0
6,4.783737119117541,5.0
5,5.2506904340756,5.0
3,1.9220261242640864,2.0
4,3.94486775120464,4.0
1,2.3426148948331966,2.0
4,3.199089115669725,3.0
5,3.908100759004852,4.0
3,3.128903315820034,3.0
4,3.78446353948877,4.0
2,2.705670264873105,3.0
4,3.0319987979181118,3.0
2,2.1515150777513985,2.0
4,4.099483816289658,4.0
2,2.4417002462012447,2.0
2,1.5116429711978505,2.0
3,2.945258203085479,3.0
4,2.866367090027496,3.0
1,1.626314641903466,2.0
4,3.2885085252346054,3.0
2,2.84504462971417,3.0
2,1.81623755323943,2.0
3,3.0986590466371102,3.0
4,3.8434808555148776,4.0
2,1.7637830476223384,2.0
4,4.083994814086012,4.0
3,2.841909911613435,3.0
1,1.6185281188874507,2.0
4,3.6603487640867396,4.0
3,2.6460044547505692,3.0
5,3.771701667938307,4.0
3,2.507689552984187,3.0
3,2.961243315324442,3.0
3,2.652243230754285,3.0
3,2.5700449973712436,3.0
3,1.9202023067474507,2.0
4,3.6897254577821266,4.0
2,2.073084146884222,2.0
3,2.580935241948264,3.0
3,2.7441638560639974,3.0
4,2.7410643470123985,3.0
3,3.4840302012905275,3.0
4,3.8257908850809077,4.0
2,2.439699931007314,2.0
3,3.497824778460909,3.0
4,2.9004566373528022,3.0
2,1.829892583205958,2.0
1,1.7848439221452927,2.0
2,1.7139363307662154,2.0
5,3.6662121438121855,4.0
3,3.258639423434408,3.0
2,2.646047618962752,3.0
3,3.0460300774680613,3.0
3,2.454664019674157,2.0
3,3.3968767314193857,3.0
3,2.589835940549844,3.0
3,2.4518186424442274,2.0
4,3.3389607330257234,3.0
3,3.043682278513439,3.0
2,2.318899980648481,2.0
2,2.038913623758799,2.0
3,2.8065566171460854,3.0
4,3.63406105161111,4.0
3,2.877699363760004,3.0
3,2.570111256268737,3.0
2,2.1601814198208062,2.0
4,3.692820004283108,4.0
3,2.604985047599707,3.0
3,2.7098948861870498,3.0
1,2.4732689646985375,2.0
4,3.0771072791060274,3.0
1,1.8923410145427966,2.0
1,2.958978757067445,3.0
3,1.8195392888740864,2.0
3,3.4133801615211303,3.0
2,4.134377045899713,4.0
3,2.8007822831630578,3.0
3,2.7749376511798998,3.0
2,1.8151436198616178,2.0
4,3.8292420338065964,4.0
4,3.267323009120182,3.0
4,3.751526679956489,4.0
4,2.86935254221171,3.0
3,3.00523650761552,3.0
2,3.2386848086752518,3.0
3,3.520543812920926,4.0
3,3.2117461669636045,3.0
4,3.5327719864915847,4.0
2,2.1167713021012875,2.0
5,4.206648529005825,4.0
2,2.0871141386501697,2.0
3,2.0417337011711356,2.0
3,2.7279511398087037,3.0
4,3.877685922836205,4.0
2,2.416799362785709,2.0
1,1.1307187032317547,1.0
4,4.2443153472428365,4.0
1,1.3074998143406202,1.0
5,4.545522179505669,5.0
3,2.8511913969528506,3.0
4,3.123329526922996,3.0
3,3.869012399917203,4.0
3,2.8981678295138513,3.0
2,1.85946797413755,2.0
2,2.3933664034066586,2.0
3,2.7876409444827437,3.0
6,4.951101867497376,5.0
2,2.433653176272993,2.0
4,2.9638962343420654,3.0
2,3.1401615187681204,3.0
2,2.334469245273705,2.0
1,2.510137808693022,3.0
2,2.3848314681691494,2.0
3,2.3011105680255377,2.0
3,3.670660147480346,4.0
2,2.3764119731501987,2.0
2,1.9731677967780406,2.0
5,4.025187649859253,4.0
3,3.905205338145228,4.0
2,2.521525797889926,3.0
1,2.0235796045834884,2.0
2,2.611421156080521,3.0
3,3.220951182409738,3.0
2,2.0242929840871478,2.0
1,1.2503111157545626,1.0
4,3.2796933188745783,3.0
2,2.1662553619132345,2.0
4,3.3785348976414005,3.0
3,2.3014159590698045,2.0
2,2.209713032830849,2.0
3,2.7581899415920925,3.0
3,4.375531420957943,4.0
2,2.1981905428022253,2.0
2,2.3821145193871534,2.0
2,2.4850724857158166,2.0
2,1.7792211408922793,2.0
2,1.4907525230152996,1.0
2,1.9360651612187676,2.0
3,2.565189385226432,3.0
3,3.241569374621171,3.0
3,2.0779667441921434,2.0
2,2.6125862518514986,3.0
3,2.771548968935081,3.0
2,1.7104857646514624,2.0
3,3.0535043676453,3.0
3,4.67717281437274,5.0
2,3.632552144719843,4.0
2,1.7161090095617129,2.0
3,3.0293400203753404,3.0
2,1.793369647203005,2.0
3,3.047668137718623,3.0
3,3.2471135522525274,3.0
2,1.7516796182880694,2.0
3,3.1041397960760952,3.0
3,2.1115371510010275,2.0
4,4.1336840590741,4.0
4,4.0035321540926505,4.0
2,2.222318552917675,2.0
2,1.7815666878755163,2.0
2,1.8271799858790787,2.0
3,3.5557739183409556,4.0
5,4.225779339223799,4.0
2,2.6256002509034904,3.0
3,2.8971490426871,3.0
2,2.9484278743584977,3.0
3,3.3833002441258375,3.0
4,3.2276091120772716,3.0
4,3.054611129746925,3.0
2,2.515334587263645,3.0
3,2.8890791381440413,3.0
5,4.493206407167087,4.0
2,2.757001235410655,3.0
4,3.6274680404089357,4.0
2,2.4868637039653567,2.0
2,2.355001557975765,2.0
3,2.8100664803780697,3.0
3,3.526231447582016,4.0
2,2.27964121587085,2.0
3,3.9318265165057777,4.0
3,3.869545167321087,4.0
4,3.3660457632954466,3.0
3,2.2998348429943887,2.0
2,1.8972354499485566,2.0
4,3.1599338636470407,3.0
5,4.663208005038266,5.0
4,4.050053552903154,4.0
4,3.7614289687439877,4.0
4,4.419058251056583,4.0
2,2.4663176355790912,2.0
4,3.212390608529712,3.0
2,1.5050603113416199,2.0
3,2.4148330575694383,2.0
4,2.815088846749405,3.0
4,3.843778538305238,4.0
2,2.179562439514496,2.0
3,2.561395795251896,3.0
3,1.9484950065116953,2.0
4,3.6829986514843425,4.0
2,2.3317978563815744,2.0
2,1.8094685232934073,2.0
1,2.232057110866511,2.0
1,1.4871009798278976,1.0
5,4.0423835508369255,4.0
2,2.994685629925853,3.0
3,4.184132117534629,4.0
3,2.879220804342759,3.0
3,2.482620530762374,2.0
4,3.2411596514053933,3.0
2,1.978619919120343,2.0
1,1.69026280989219,2.0
6,5.124841838590517,5.0
4,4.774241989658286,5.0
2,2.2749332707368866,2.0
1,1.7195801178314223,2.0
2,2.469892064239459,2.0
5,4.455110700886251,4.0
3,2.4969179497447476,2.0
3,2.5697174224436115,3.0
2,2.144970585072888,2.0
2,3.249899626401224,3.0
4,2.105848191586785,2.0
1,1.8941276499187742,2.0
4,3.581900322256375,4.0
3,3.0612489119920476,3.0
2,1.79498806546473,2.0
3,2.8918087499742904,3.0
4,3.9605170664167275,4.0
2,1.6208458939602355,2.0
4,3.9178592924578584,4.0
3,2.714220096864205,3.0
4,3.625771898506067,4.0
1,1.659887046113562,2.0
4,3.844914791132943,4.0
6,5.2528946763481645,5.0
2,1.7452728853916981,2.0
4,3.5803383334836,4.0
2,2.871010100303857,3.0
2,2.1668397711679916,2.0
4,3.2287378872397605,3.0
5,3.9590227502022177,4.0
3,2.2000027221560425,2.0
5,2.775203094140562,3.0
3,3.023182942893123,3.0
2,1.729394344223407,2.0
1,1.7488957798850997,2.0
3,3.5860311096240127,4.0
3,2.310331579837309,2.0
4,3.9881595393651135,4.0
3,2.2701905155296727,2.0
4,3.385852101723418,3.0
2,1.8733428352614259,2.0
3,2.469802592273479,2.0
4,3.895699066290553,4.0
5,4.469514100380564,4.0
1,1.8256280107283667,2.0
2,2.6714477192247177,3.0
2,2.34973959481065,2.0
5,4.546745333627728,5.0
3,2.5817717623851815,3.0
2,2.293507567931753,2.0
3,3.5118754947015765,4.0
2,2.2795199933527273,2.0
3,2.6525054299896333,3.0
4,3.798025277492408,4.0
4,3.7785751089712796,4.0
3,2.2984032451864183,2.0
1,1.3674786135189259,1.0
2,1.927142958599611,2.0
2,2.973089625826099,3.0
3,1.8708803640664553,2.0
2,2.1465162776758087,2.0
3,2.594636147117902,3.0
4,3.9905125989222334,4.0
3,3.208740273385584,3.0
4,3.623009494040927,4.0
3,2.5510451451633456,3.0
1,1.5151308785861641,2.0
4,3.2586225348954936,3.0
2,2.6134490206637224,3.0
3,2.4548927526819546,2.0
3,3.075462346031081,3.0
2,1.7372115034188857,2.0
3,2.9653971257060436,3.0
3,3.2802636229609656,3.0
1,2.3100102083343286,2.0
4,3.6167963163794794,4.0
2,2.2904405134722214,2.0
4,3.4339550828245295,3.0
3,2.2032165370221612,2.0
2,2.5893232175110117,3.0
5,3.7294828896780934,4.0
2,2.209358369841519,2.0
3,2.5459897582632447,3.0
4,3.35828324431627,3.0
3,2.072361396645819,2.0
4,3.5588469957489917,4.0
2,1.918840907481444,2.0
2,2.425533877781368,2.0
3,3.042106759563566,3.0
1,1.693795295548484,2.0
3,3.523651271166045,4.0
3,2.705309628399083,3.0
3,3.8255300272764425,4.0
4,3.158027833608776,3.0
3,2.403653911116506,2.0
4,3.5547980627969165,4.0
4,3.3548894004795353,3.0
2,2.0143866815851488,2.0
3,2.787201403882842,3.0
3,2.8054986961769877,3.0
4,3.4405295372450917,3.0
1,1.8722536536535017,2.0
1,1.5551402966727095,2.0
4,3.698712947694686,4.0
2,2.769434806812817,3.0
1,1.68689580272244,2.0
2,2.2215516964568884,2.0
3,2.7594451141177183,3.0
3,2.8184773761298083,3.0
3,3.1535125494866376,3.0
3,3.8514080228636427,4.0
3,3.3271978887187004,3.0
4,4.269078811662149,4.0
3,2.715645346662852,3.0
2,2.212642674007657,2.0
2,2.893352341933341,3.0
2,2.8223278755642784,3.0
3,3.131161352958732,3.0
1,1.6498718013174454,2.0
2,2.3065935712751853,2.0
1,1.536785897144479,2.0
3,2.3568656929520033,2.0
3,3.167800335281914,3.0
1,3.9332841285031597,4.0
4,3.478242406251323,3.0
2,1.5594488650664955,2.0
2,2.216758691419908,2.0
2,1.8191988350238242,2.0
4,4.123163658078693,4.0
4,3.7134789077346433,4.0
4,2.8800296626891217,3.0
1,1.9983267023161397,2.0
4,2.9714629292599986,3.0
2,2.216330614718625,2.0
3,2.659302147202794,3.0
5,4.431537739118915,4.0
3,2.6586310779280047,3.0
4,2.793045458910131,3.0
2,2.0104858348179926,2.0
3,3.1302513583988816,3.0
2,1.9132832760266598,2.0
3,2.8231634765169473,3.0
3,2.960722491462295,3.0
3,2.9217109186811054,3.0
4,3.609292788982751,4.0
3,3.5578449858250436,4.0
2,2.0650701682525847,2.0
3,3.302974853287558,3.0
3,3.2279633368756837,3.0
5,4.620795188907297,5.0
2,2.005284459447548,2.0
4,3.681684672352191,4.0
2,1.9910824326380474,2.0
4,2.9891199482789124,3.0
3,3.2827198482081252,3.0
2,1.564045478384599,2.0
2,1.8676072823745988,2.0
2,2.38996908501723,2.0
3,2.5605952368271665,3.0
3,4.231292547966102,4.0
3,2.533041672091899,3.0
4,3.5287970070942998,4.0
3,3.1510559335777755,3.0
5,4.724308583001063,5.0
4,3.753031398461204,4.0
3,2.854038108400124,3.0
2,1.9971661175500366,2.0
2,3.3955649581695284,3.0
3,2.255568995129165,2.0
2,2.358815274008004,2.0
3,2.530038442322459,3.0
1,1.9084956304450218,2.0
3,3.3126514487844063,3.0
4,3.257395009311571,3.0
2,1.6274135711401254,2.0
2,2.5874273320953787,3.0
3,2.9905266043877674,3.0
3,2.7992319985629206,3.0
4,3.5402110074698627,4.0
3,2.618147090272192,3.0
2,2.0613159342042326,2.0
5,4.52081647290302,5.0
5,4.043593259030779,4.0
3,3.2410807472800633,3.0
3,3.016312666012218,3.0
2,1.6316200819662514,2.0
4,3.504597721643361,4.0
3,3.189982940936459,3.0
4,3.569461505733805,4.0
3,3.577797160397976,4.0
3,2.957286384032555,3.0
3,2.9230418261812456,3.0
3,2.528528859686625,3.0
2,2.4406162484460543,2.0
2,2.166252910427617,2.0
5,4.486825634430304,4.0
3,2.399534707477831,2.0
2,1.1715326018803431,1.0
2,1.4611444584381026,1.0
1,1.916921344855063,2.0
4,3.4331512235429695,3.0
3,2.686656741808865,3.0
2,2.21572617039071,2.0
6,4.855234842839633,5.0
3,2.4234145766914477,2.0
4,4.169459831724126,4.0
2,2.382970988686875,2.0
4,4.145029674200043,4.0
2,2.1985278626068654,2.0
2,2.2789810920164406,2.0
2,2.51983036078321,3.0
3,3.9472045961650504,4.0
3,2.8983593881743004,3.0
4,4.031942224146368,4.0
4,3.575921411594319,4.0
4,3.1992705315637093,3.0
3,3.73727765096966,4.0
3,2.720666180188613,3.0
3,2.9880072804385196,3.0
3,4.1346552531956995,4.0
3,2.162966157088565,2.0
3,3.0024579325543326,3.0
2,2.249734400732467,2.0
3,3.2778373190223067,3.0
2,2.6870906688146294,3.0
3,2.8396011713066573,3.0
2,1.9633093358309084,2.0
2,2.284353137888927,2.0
4,4.013818196065384,4.0
3,2.0782974766822204,2.0
4,4.427569605109897,4.0
3,3.2044352735086004,3.0
3,3.002717290571923,3.0
4,3.035000291302928,3.0
5,4.464249487674461,4.0
2,1.509418156537555,2.0
4,3.7456606736860185,4.0
3,2.0392695447435774,2.0
2,2.6378912225668842,3.0
2,2.0422363471197005,2.0
2,1.5355801671560727,2.0
4,4.005883746132794,4.0
3,2.5119270121123645,3.0
4,3.798213804990173,4.0
4,4.018859111800186,4.0
1,2.0737534087498357,2.0
3,3.1513078539487815,3.0
3,2.431797312786671,2.0
3,3.3739087121198383,3.0
3,3.734467263880267,4.0
3,3.6304491942893424,4.0
3,3.310459246945546,3.0
4,3.9940408824890135,4.0
4,3.9068283738287595,4.0
3,3.1633670446559283,3.0
4,3.33394313219463,3.0
3,2.6497176777411546,3.0
4,3.6332761065643338,4.0
3,3.224321263962133,3.0
3,3.155583079954151,3.0
3,2.896822687086524,3.0
2,1.9758331015264818,2.0
2,2.889510757958473,3.0
5,4.052801238107599,4.0
3,2.8160175949103667,3.0
3,2.832330217549799,3.0
3,2.9760310912238457,3.0
4,2.718161140645689,3.0
3,2.3382736696715214,2.0
3,2.7688334043390608,3.0
3,3.381827513833019,3.0
3,4.101853606885236,4.0
3,2.3533934589126204,2.0
4,2.789706622957635,3.0
3,2.5017944437934005,3.0
3,3.0846998217273267,3.0
3,2.2819535559487423,2.0
4,4.001808210248234,4.0
2,2.248779836879679,2.0
2,2.866071830879658,3.0
2,1.6996540870995571,2.0
2,2.4112776664853284,2.0
3,3.477219477082428,3.0
2,1.8750532275019751,2.0
3,2.9970267208812778,3.0
3,2.6043808169407305,3.0
4,4.387632347348132,4.0
2,2.217789110385401,2.0
3,2.495156962087161,2.0
3,2.931095939260663,3.0
2,1.6573429104074004,2.0
4,3.9097682913001073,4.0
5,4.178134445080808,4.0
3,2.8236670044406917,3.0
2,2.578199708904081,3.0
2,3.873844889186579,4.0
2,2.791962933531262,3.0
2,1.7985373213373435,2.0
5,4.385194358382807,4.0
4,2.888906237747175,3.0
3,3.418408628158964,3.0
3,3.498688431892239,3.0
5,4.743668876614754,5.0
3,2.802355760144574,3.0
4,4.167240629221503,4.0
3,2.484468544875468,2.0
4,4.405580318059107,4.0
2,1.7948911208275933,2.0
4,3.4506743498140984,3.0
3,2.8856931520719593,3.0
4,3.6754345394860066,4.0
4,3.164525637786061,3.0
4,4.290021301899159,4.0
2,2.2159027597494867,2.0
4,4.191225730149673,4.0
4,3.6538620518907785,4.0
4,4.009967974880223,4.0
3,3.360653067178807,3.0
1,2.7130669250896062,3.0
3,3.4802001374515554,3.0
2,2.3127990704530146,2.0
5,3.398651500522642,3.0
2,2.069201968482354,2.0
4,3.953173161025022,4.0
3,2.930161016399,3.0
1,1.7940701894778495,2.0
1,1.503219740694841,2.0
2,2.1093160655029166,2.0
3,3.317660401044915,3.0
4,3.6118737055736805,4.0
4,4.277713086494807,4.0
2,2.4984799775567366,2.0
5,4.469574820886283,4.0
4,3.1807096356396287,3.0
3,2.272224840653932,2.0
4,3.1423284279411505,3.0
3,3.902764025224035,4.0
5,4.28895679693104,4.0
1,2.4291005732085065,2.0
3,2.4549555610061353,2.0
4,2.8621164017461393,3.0
3,3.6107931350591977,4.0
2,2.5834117351677177,3.0
2,2.559295494867092,3.0
3,2.3909105985117356,2.0
4,3.0073992214057337,3.0
5,4.388632253661174,4.0
3,2.535992964452858,3.0
2,2.5901674863730717,3.0
4,3.3277119122618615,3.0
4,4.037351348224687,4.0
4,3.8456710727353083,4.0
2,2.7995172784189117,3.0
2,2.8586374056193704,3.0
4,3.7641631254757146,4.0
2,1.9247912206244826,2.0
3,2.68141949649792,3.0
3,3.3440119437510063,3.0
3,2.957135445929024,3.0
4,3.943696427421552,4.0
1,1.8363516800699173,2.0
2,2.581118958101379,3.0
2,2.5939122201400524,3.0
3,2.6786598380063302,3.0
2,1.9834367108930777,2.0
3,3.121713044899992,3.0
2,2.2260710848863234,2.0
3,1.9837449115013808,2.0
4,3.898882596558124,4.0
3,3.6322955516608535,4.0
3,3.784629593978494,4.0
3,3.521713988971818,4.0
3,4.034439918197198,4.0
2,2.447221614813766,2.0
2,2.1174368249090114,2.0
4,4.407477203194827,4.0
3,2.372136518789993,2.0
3,3.2903609302600576,3.0
2,2.611789907401839,3.0
2,2.599866446213349,3.0
3,2.357617093982301,2.0
4,3.1925861150836017,3.0
2,1.8015011092475839,2.0
4,4.29361662055215,4.0
4,3.1342291796591857,3.0
3,3.552645344246077,4.0
3,2.3488148084639993,2.0
4,3.6048961367885983,4.0
3,2.9453670134026377,3.0
4,3.7710139192143552,4.0
1,1.6698925153420472,2.0
2,1.375862350572743,1.0
6,5.077745462241612,5.0
1,2.2505276044538642,2.0
5,4.109401512795268,4.0
3,2.7400965266576507,3.0
4,4.0297962230864215,4.0
3,2.9019077438034335,3.0
3,4.350979163998694,4.0
5,4.381046322775638,4.0
5,3.878199929805108,4.0
5,4.58944242068628,5.0
5,4.6386164860052785,5.0
4,3.0256947877562927,3.0
5,4.780980719157675,5.0
3,3.300403820481915,3.0
4,3.5631750292058375,4.0
4,4.244818829565417,4.0
4,3.902322483655648,4.0
2,1.9957574529700377,2.0
4,3.9589072905330007,4.0
2,2.3957476675710443,2.0
2,1.5669181554543432,2.0
3,2.9184370425073034,3.0
4,4.280547536344603,4.0
2,2.14242137096386,2.0
2,1.8463028935756676,2.0
2,2.317095219994289,2.0
3,2.6868096346883497,3.0
3,2.574425513781579,3.0
3,3.460958947654419,3.0
3,3.527595714737035,4.0
2,2.7930560028516367,3.0
2,1.5484892499641882,2.0
5,4.691099481479133,5.0
4,3.8766617388588656,4.0
4,3.225546941170064,3.0
1,1.6776431031190302,2.0
2,2.6975314933145946,3.0
4,2.9072907626583526,3.0
1,2.1077895352702027,2.0
2,2.0521443498337057,2.0
3,2.094416869939505,2.0
1,1.1674491508275147,1.0
3,1.5092425947001247,2.0
4,4.114006930485916,4.0
3,1.9893365698605525,2.0
1,2.4287767709436556,2.0
4,4.1047569338611885,4.0
2,1.79188440629906,2.0
3,4.282403167968364,4.0
1,1.0690394536003747,1.0
2,2.5570744329331787,3.0
4,3.249049289228399,3.0
2,2.854563825444531,3.0
4,3.0172040335271504,3.0
3,2.894719412621194,3.0
5,4.533176989869707,5.0
3,2.1862926886768665,2.0
3,2.950924220197659,3.0
4,3.4947221480673933,3.0
2,2.1957212488700795,2.0
2,2.5204977234470007,3.0
2,2.4356235498568486,2.0
3,3.0506815904428177,3.0
4,3.7040018472852285,4.0
3,2.939818939651268,3.0
3,2.513306176579249,3.0
2,2.99293864394011,3.0
4,3.1496194115851273,3.0
2,1.706477883404341,2.0
4,3.1064777239290486,3.0
3,2.4814693040383236,2.0
3,2.951577762113597,3.0
2,2.5740635712514033,3.0
3,2.6105972835093176,3.0
3,3.387968649185268,3.0
5,4.0866579375910135,4.0
3,2.2724882216958777,2.0
3,3.6466598938738386,4.0
3,2.8263540541927124,3.0
6,4.710220553668528,5.0
4,3.877368549626016,4.0
3,2.8803845015051914,3.0
4,4.334616371594494,4.0
2,1.7516564275776993,2.0
2,2.284731883621913,2.0
3,2.583708889322694,3.0
2,2.4770121488441497,2.0
4,3.6624450764389045,4.0
3,3.9163590005612257,4.0
2,2.1155715079822284,2.0
2,2.6962902827913533,3.0
3,2.7849844517332456,3.0
4,4.183571294222738,4.0
4,3.8581945126402446,4.0
2,1.6795038913017233,2.0
4,3.634211556840126,4.0
4,3.7174165449438403,4.0
3,2.7138684408067655,3.0
4,3.265122838007907,3.0
4,4.837817915638813,5.0
1,1.565251069247579,2.0
2,2.1934101985626526,2.0
3,3.027361733003416,3.0
3,3.442947415093247,3.0
3,2.9819515791017346,3.0
2,2.2324293518937197,2.0
4,3.948634151229829,4.0
3,3.2643249559703227,3.0
4,4.000428216491009,4.0
3,1.9364324453379924,2.0
4,3.4275934491537123,3.0
3,2.9817530861657118,3.0
3,3.2135574699933014,3.0
3,2.5687823452400735,3.0
4,2.6331821628874508,3.0
2,2.2747641070042532,2.0
2,2.787879310106753,3.0
4,3.915411539671743,4.0
2,2.7790401426814633,3.0
5,4.081651885195365,4.0
5,4.671072723852187,5.0
2,3.2345531963626972,3.0
2,2.4025053166986226,2.0
2,2.5341464951567287,3.0
3,3.3096031061066373,3.0
2,2.464328477461565,2.0
3,2.8420350089769806,3.0
3,2.3087370914611687,2.0
2,1.9155869533310996,2.0
3,3.041164040442392,3.0
1,1.6051837130242588,2.0
3,3.126615161687547,3.0
3,4.03180649272026,4.0
3,2.7944692915768337,3.0
3,3.374854628999574,3.0
3,2.8913154551018128,3.0
3,2.461693469048586,2.0
2,2.183611162445549,2.0
2,2.5547455950643854,3.0
3,2.621788598527681,3.0
3,3.2548754665235364,3.0
3,2.9920064908675323,3.0
4,4.304221771118768,4.0
3,2.6841695765913682,3.0
4,3.6121181166872787,4.0
4,3.2114738326435956,3.0
2,2.4286032579460026,2.0
3,3.5808352218246142,4.0
1,1.5784502819441244,2.0
3,3.49578935785743,3.0
3,3.1673985555368644,3.0
2,1.5090250073982785,2.0
2,2.4102034575378286,2.0
3,2.9721927726614443,3.0
3,2.9384825501359453,3.0
3,3.5871288517095756,4.0
4,3.9428135092829435,4.0
6,5.5081597095826424,6.0
5,3.9827409019418787,4.0
3,3.092278650895184,3.0
3,3.4489672073383697,3.0
2,2.77661077958857,3.0
4,3.585328319089935,4.0
3,3.469231355411937,3.0
3,3.033959743782959,3.0
2,2.1198348734422687,2.0
5,4.1536976381235275,4.0
3,3.478959078374383,3.0
4,3.819322134058781,4.0
1,1.4993942898107908,1.0
3,3.1248778092916707,3.0
3,1.8676264439086834,2.0
3,2.5250966617266144,3.0
3,3.0189142662918678,3.0
3,2.4590842731573908,2.0
3,2.6981217265175683,3.0
3,3.2014278732526105,3.0
4,3.3015317824305743,3.0
3,2.6266765372555034,3.0
1,1.5918278556505996,2.0
2,2.0001512559342336,2.0
3,2.841747015197795,3.0
4,3.634486098126324,4.0
3,2.185871915388081,2.0
2,2.5897244790980536,3.0
4,3.8066458275662063,4.0
3,2.7005212207312623,3.0
3,3.2152169429865194,3.0
3,3.9916255684522177,4.0
3,2.353034789839895,2.0
5,4.072513885099644,4.0
2,2.480453728681984,2.0
2,2.239432231113806,2.0
4,3.412806052258699,3.0
2,2.1780036266843306,2.0
3,2.143894020896554,2.0
4,4.6259942464236685,5.0
3,3.2528158572371413,3.0
3,3.185334732426819,3.0
2,2.7426344059996417,3.0
4,4.372496426553349,4.0
2,1.8046693920951706,2.0
3,3.017358401902736,3.0
3,3.0457602652889255,3.0
2,2.4443648706118384,2.0
1,1.5555201637350626,2.0
4,3.398089681188648,3.0
3,3.436351421385331,3.0
3,2.767467021235699,3.0
3,2.6312861995233785,3.0
4,3.336969674160475,3.0
2,2.334722512457678,2.0
2,2.541350611424285,3.0
2,2.494258117219643,2.0
1,1.152329393504258,1.0
4,2.8834644487539802,3.0
6,5.3806095732298465,5.0
3,1.8762630474999016,2.0
4,3.2946949762078788,3.0
2,2.4861138622866266,2.0
3,2.6741736072767313,3.0
2,2.4717900982389516,2.0
3,3.146721674066179,3.0
3,2.3989322716516486,2.0
3,2.622363907936525,3.0
4,3.2453201963656046,3.0
3,2.902197822683267,3.0
4,4.367518644560337,4.0
3,3.090487753335302,3.0
3,2.158098905258405,2.0
3,2.7716708913685544,3.0
3,3.254664376108344,3.0
3,2.7991044603721003,3.0
4,3.688487226069071,4.0
4,3.4059253668914784,3.0
1,2.7347651050043758,3.0
3,2.3689091469542265,2.0
3,3.987357863320724,4.0
2,2.1362047534621276,2.0
4,3.5939466902648602,4.0
4,4.09876554987519,4.0
4,3.6654879629977515,4.0
2,2.4979577127587422,2.0
3,1.7797980611115214,2.0
3,2.923006342089308,3.0
4,3.7320648500754223,4.0
4,3.7850383102253415,4.0
4,2.960776913133146,3.0
2,1.2990793724091485,1.0
4,3.893983800512588,4.0
3,3.261319478723984,3.0
4,2.901872248370754,3.0
3,2.749018465989734,3.0
4,4.057892454979938,4.0
2,2.405125055197315,2.0
3,2.8507155449408264,3.0
3,3.0351211550511383,3.0
3,2.9448168191607644,3.0
4,3.1754712192645567,3.0
2,1.7838190194494308,2.0
2,2.1425542934793222,2.0
1,1.5598655051376145,2.0
5,4.198694005715004,4.0
3,2.7661935494521597,3.0
3,1.860659165410011,2.0
2,2.812580122121402,3.0
3,2.7999045433294207,3.0
4,4.3328548256548425,4.0
4,3.383231917936959,3.0
3,3.44241470798939,3.0
5,4.596440184867882,5.0
3,3.239973460956284,3.0
4,3.6143966587162804,4.0
6,4.736152519613662,5.0
3,2.5588091305831027,3.0
4,3.665807438771531,4.0
4,3.243640585602766,3.0
2,2.435520592643216,2.0
3,3.600003059253944,4.0
2,2.309359790437647,2.0
2,2.1283799830987356,2.0
2,2.285680841994499,2.0
4,3.580891603160661,4.0
2,2.4263360581515565,2.0
6,4.612328216687167,5.0
4,3.519487737588138,4.0
4,4.23002888969877,4.0
2,2.5934470205589535,3.0
4,3.54375263949281,4.0
3,2.628178332858005,3.0
3,3.2971147775001173,3.0
3,2.2075280562359376,2.0
2,1.845757181992846,2.0
3,3.0147923344951804,3.0
4,4.018363970669455,4.0
2,1.4896943403005922,1.0
3,3.4305211000940443,3.0
4,3.4733272899197463,3.0
2,2.3191042559048274,2.0
3,3.1876072147284007,3.0
1,2.278361916056627,2.0
1,1.2918422301687698,1.0
4,3.6380462067514863,4.0
5,4.23209551964601,4.0
3,2.422017429700656,2.0
1,1.6143709286643977,2.0
3,3.7783970945929983,4.0
2,1.7999382924393408,2.0
2,1.8860127892396248,2.0
4,2.8549492807736763,3.0
3,2.9296539491959384,3.0
4,4.543557389260013,5.0
2,2.8993122541546597,3.0
6,4.876912334759544,5.0
3,2.2077689579253605,2.0
4,3.204075292130949,3.0
5,4.551488507776254,5.0
2,2.0811035753948737,2.0
4,4.947145799746952,5.0
2,3.1214586945146947,3.0
2,2.425165489930152,2.0
4,3.551093444991929,4.0
3,3.0422601019062934,3.0
4,3.670623713501579,4.0
4,4.218765032634524,4.0
3,2.1299860415518266,2.0
4,3.440069187687734,3.0
2,2.6285899225819818,3.0
2,1.7858399606362172,2.0
2,2.18618792079319,2.0
2,2.0515460724203547,2.0
1,2.1106548723699916,2.0
1,2.432579285326011,2.0
4,3.270813562463384,3.0
3,2.8070492173599013,3.0
2,2.3905663572286264,2.0
5,5.000077135956676,5.0
3,2.6716403788563245,3.0
2,2.6069767251648726,3.0
1,3.217928760969969,3.0
3,2.511640783842797,3.0
3,3.072930941252541,3.0
2,2.212382961547358,2.0
3,3.1536378149988478,3.0
2,1.6070150399442173,2.0
2,2.202440507075834,2.0
2,1.7499581206305401,2.0
3,3.125195196032637,3.0
3,3.003293096675867,3.0
4,4.075528834855713,4.0
2,2.2594526062920393,2.0
2,1.624681699398946,2.0
4,4.244467302322533,4.0
3,3.0867261455934876,3.0
2,2.164943811969707,2.0
2,1.9555845683091015,2.0
3,3.3866682135578556,3.0
3,3.543524642280352,4.0
3,3.8607160861663856,4.0
2,2.0734312014186393,2.0
2,2.1618246408721165,2.0
4,3.7057660258632334,4.0
3,2.6104629908426236,3.0
4,3.4269999378265754,3.0
2,1.5839054151605212,2.0
4,3.5159593306190797,4.0
3,2.6950825252683295,3.0
3,3.075739436785596,3.0
3,2.637764015221949,3.0
3,3.0937574220266635,3.0
4,4.298579092413431,4.0
3,3.663115337897319,4.0
3,3.4452513371914164,3.0
4,3.9840976515431485,4.0
2,2.393612547577508,2.0
2,1.7597191121977636,2.0
4,3.8787290213695007,4.0
2,1.649664996172542,2.0
2,2.5791599278543718,3.0
5,4.80799841479031,5.0
2,2.033297817729712,2.0
4,3.140913950658499,3.0
3,3.020142308437129,3.0
1,2.8464719339922797,3.0
4,3.464074375502424,3.0
4,3.0314051379761517,3.0
1,1.616342927176258,2.0
4,4.137825940056831,4.0
2,2.4060446901322816,2.0
2,2.986314538919524,3.0
4,3.0612911909017897,3.0
3,3.4742535966368133,3.0
2,2.45613826165066,2.0
